編號,屋齡,建物移轉面積平方公尺,主要用途,主要建材,建築完成日期,總層數,建物分層,移轉情形
The serial number,room age,building shifting area square meter,the main use,main building materials,construction completes the date,total layer,building lamination,
RPPNMLTKMHLGFDJ09DA,30,102.43,住宅,鋼筋混凝土造,85年4月26日,二層,一層 二層 陽台,全筆移轉
RPPNMLOLMHLGFBJ58EA,38,399.96,商業用,鋼造,77年8月20日,一層,一層,全筆移轉
RPROMLNLMHLGFBJ68DA,,84.53,集合住宅,鋼筋混凝土造,114年12月4日,十三層,十三層 陽台 見其他登記事項,全筆移轉
RPROMLNLMHLGFBJ68DA,,76.22,本共有部分之項目有防空避難室兼停車空間、停車空間等二項。,鋼筋混凝土造,114年12月4日,十三層,,持分移轉
RPROMLNLMHLGFBJ68DA,,18.89,本共有部分之項目有電梯機房、水箱等二項。,鋼筋混凝土造,114年12月4日,十三層,,持分移轉
RPQNMLKLMHLGFCJ38EA,,115.20,住家用,鋼筋混凝土造,,二層,一層 二層,全筆移轉
RPQOMLPKMHLGFBJ68DA,2,39.71,本共有部分之項目有防空避難室兼停車空間、雨水機房、水箱、消防機房、排煙室、梯間、緊急升降機間、揚水機房、公共水箱、停車空間、中繼機房、泳池水箱、台電配電室（１）（２）、電表室及受電箱室、水景機械室、發電機室、防災中心、電信室、門廳、梯廳、穿廊、公共服務空間、資源回收室、游泳池、中繼水箱等二十五項。,鋼筋混凝土造,112年10月30日,二十四層,,持分移轉
RPOOMLNKMHLGFBJ28DA,34,18.56,住家用,鋼筋混凝土造,81年5月13日,六層,五層 陽台,全筆移轉
RPOOMLNKMHLGFBJ28DA,34,1.76,共有部分,鋼筋混凝土造,81年5月13日,六層,,持分移轉
RPOOMLNKMHLGFBJ28DA,34,4.56,共有部分,鋼筋混凝土造,81年5月31日,六層,,持分移轉
RPQNMLLLMHLGFBJ28DA,,40.35,住家用,磚造,,一層,一層,全筆移轉
RPXNMLTJMHLGFBJ96DA,1,146.23,集合住宅,鋼筋混凝土造,114年1月2日,十四層,十二層 陽台 見其他登記事項,全筆移轉
RPXNMLTJMHLGFBJ96DA,1,150.12,本共有部分之項目有防空避難室兼停車空間、停車空間、管委會使用空間等三項。,鋼筋混凝土造,114年1月2日,十四層,,持分移轉
RPXNMLTJMHLGFBJ96DA,1,25.49,本共有部分之項目有樓梯間、昇降機機房、水箱等三項。,鋼筋混凝土造,114年1月2日,十四層,,持分移轉
RPOOMLRKMHLGFBJ68DA,18,107.01,住家用,鋼筋混凝土造,97年8月25日,十四層,十層 陽台 雨遮,全筆移轉
RPOOMLRKMHLGFBJ68DA,18,.06,管理員室,鋼筋混凝土造,97年8月25日,十四層,地下一層,持分移轉
RPOOMLRKMHLGFBJ68DA,18,23.08,共有部分,鋼筋混凝土造,97年8月25日,十四層,,持分移轉
RPOOMLRKMHLGFBJ68DA,18,20.02,共有部分,鋼筋混凝土造,97年8月25日,十四層,,持分移轉
RPOOMLRKMHLGFBJ68DA,18,62.78,共有部分,鋼筋混凝土造,97年8月25日,十四層,,持分移轉
RPVNMLRKMHLGFDJ86DA,21,201.65,住家用,鋼筋混凝土造,93年11月15日,四層,一層 二層 三層 四層 陽台 雨遮,全筆移轉
RPSNMLKMLHLGFBJ38DA,30,53.55,住家用,鋼筋混凝土造,85年7月3日,十三層,八層 陽台,全筆移轉
RPSNMLKMLHLGFBJ38DA,30,5.00,共有部分,鋼筋混凝土造,85年7月3日,十三層,,持分移轉
RPSNMLKMLHLGFBJ38DA,30,12.54,共有部分,鋼筋混凝土造,85年7月3日,十三層,,持分移轉
RPQNMLNKLHLGFCJ48EA,32,26.93,住家用,鋼筋混凝土造,82年12月14日,十一層,六層 陽台,全筆移轉
RPQNMLNKLHLGFCJ48EA,34,1.31,商業用,鋼筋混凝土造,81年5月29日,十一層,地下層,持分移轉
RPQNMLNKLHLGFCJ48EA,34,3.88,貯藏室,鋼筋混凝土造,81年5月29日,十一層,地下層,持分移轉
RPQNMLNKLHLGFCJ48EA,32,6.40,共用部分,鋼筋混凝土造,82年12月14日,十一層,,持分移轉
RPWNMLKKLHLGFBJ58DA,17,.06,商業用,鋼筋混凝土造,97年9月15日,十六層,一層,持分移轉
RPWNMLKKLHLGFBJ58DA,17,34.84,商業用,鋼筋混凝土造,97年9月15日,十六層,十五層 陽台 雨遮,全筆移轉
RPOOMLPKMHLGFBJ48DA,15,.17,管理員室,鋼筋混凝土造,100年5月31日,十四層,一層,持分移轉
RPWNMLKKLHLGFBJ58DA,17,33.25,共有部分,鋼筋混凝土造,97年9月15日,十六層,,持分移轉
RPOOMLPKMHLGFBJ48DA,15,166.68,住家用,鋼筋混凝土造,100年5月31日,十四層,十二層 陽台 雨遮,全筆移轉
RPWNMLKKLHLGFBJ58DA,17,4.99,共有部分,鋼筋混凝土造,97年9月15日,十六層,,持分移轉
RPOOMLPKMHLGFBJ48DA,15,26.31,本共有部分之項目有梯間、水箱、機械室等三項,鋼筋混凝土造,100年5月31日,十四層,,持分移轉
RPWNMLKKLHLGFBJ58DA,17,.00,共有部分,鋼筋混凝土造,97年9月15日,十六層,,持分移轉
RPOOMLPKMHLGFBJ48DA,15,48.18,本共有部分之項目有停車空間、防空避難室、公共服務空間、廣場式頂蓋型開放空間、垃圾室、車道等六項,鋼筋混凝土造,100年5月31日,十四層,,持分移轉
RPWNMLKKLHLGFBJ58DA,17,2.14,共有部分,鋼筋混凝土造,97年9月15日,十六層,,持分移轉
RPOOMLPKMHLGFBJ48DA,15,40.71,本共有部分之項目有停車空間、防空避難室、公共服務空間、廣場式頂蓋型開放空間、垃圾室、車道等六項,鋼筋混凝土造,100年5月31日,十四層,,持分移轉
RPWNMLKKLHLGFBJ58DA,17,11.09,共有部分,鋼筋混凝土造,97年9月15日,十六層,,持分移轉
RPTSMLKLMHLGFBJ98DA,12,68.66,住家用,鋼筋混凝土造,103年2月28日,十二層,六層 陽台,全筆移轉
RPTSMLKLMHLGFBJ98DA,12,14.80,本共有部分之項目有梯間、機房、水箱等三項。,鋼筋混凝土造,103年2月28日,十二層,,持分移轉
RPTSMLKLMHLGFBJ98DA,12,53.44,本共有部分之項目有防空避難室兼停車空間、公共服務空間、警衛室、垃圾儲藏室等四項。,鋼筋混凝土造,103年2月28日,十二層,,持分移轉
RPWNMLRKMHLGFBJ76DA,6,57.01,住家用,鋼筋混凝土造,108年10月14日,二十三層,二十二層 陽台,全筆移轉
RPWNMLRKMHLGFBJ76DA,6,33.44,本共有部分之項目有防空避難室兼停車空間、大廳、公共服務空間、中繼機房、樓梯間、電梯間、機電設備空間、水箱等八項。,鋼筋混凝土造,108年10月14日,二十三層,,持分移轉
RPWNMLRKMHLGFBJ76DA,6,35.92,本共有部分之項目有停車空間、防空避難室兼停車空間等二項。,鋼筋混凝土造,108年10月14日,二十三層,,持分移轉
RPWNMLRKMHLGFBJ76DA,6,3.31,本共有部分之項目有停車空間等一項。,鋼筋混凝土造,108年10月14日,二十三層,,持分移轉
RPXNMLRKMHLGFBJ86DA,2,78.33,集合住宅,鋼筋混凝土造,113年9月11日,十五層,四層 陽台,全筆移轉
RPXNMLRKMHLGFBJ86DA,2,45.23,本共有部分之項目有防空避難室兼停車空間、停車空間、公共服務空間、梯間等四項。,鋼筋混凝土造,113年9月11日,十五層,,持分移轉
RPXNMLRKMHLGFBJ86DA,2,15.29,本共有部分之項目有梯間、機械室、水箱等三項。,鋼筋混凝土造,113年9月11日,十五層,,持分移轉
RPTNMLRKMHLGFCJ56DA,1,89.17,集合住宅,鋼筋混凝土造,114年6月26日,五層,二層 陽台,全筆移轉
RPTNMLRKMHLGFCJ56DA,1,27.37,共有部份係依使用執照之建築概要表記載項目有：停車空間、樓梯間、電梯機房、水箱等四項,鋼筋混凝土造,114年6月26日,五層,,持分移轉
RPPNMLNKMHLGFBJ28DA,12,105.29,住商用,鋼筋混凝土造,102年11月7日,二十二層,一層 二層 陽台,全筆移轉
RPPNMLNKMHLGFBJ28DA,12,.07,住家用,鋼筋混凝土造,102年11月7日,二十二層,一層,持分移轉
RPPNMLNKMHLGFBJ28DA,12,24.61,本共有部分之項目有防空避難室兼停車空間，清水池，機房，電信室，台電配電室，開放空間，門廳，梯間，機械室，中繼機房，水塔室，水箱等十二項。,鋼筋混凝土造,102年11月6日,二十二層,,持分移轉
RPPNMLNKMHLGFBJ28DA,12,66.37,本共有部分之項目有防空避難室兼停車空間，清水池，機房，電信室，台電配電室，開放空間，門廳，梯間，機械室，中繼機房，水塔室，水箱等十二項。,鋼筋混凝土造,102年11月6日,二十二層,,持分移轉
RPXWMLKLMHLGFBJ17DA,10,90.51,住家用,鋼筋混凝土造,105年7月29日,十四層,九層 陽台 雨遮,全筆移轉
RPXWMLKLMHLGFBJ17DA,10,98.73,本共有部分之項目有停車空間兼防空避難室、開放空間、公共服務空間、管理室、樓梯間、水箱、機房等七項。,鋼筋混凝土造,105年7月29日,十四層,,持分移轉
RPQNMLTKLHLGFBJ88DA,14,102.36,住家用,鋼筋混凝土造,101年4月19日,七層,三層 陽台 雨遮,全筆移轉
RPQNMLTKLHLGFBJ88DA,14,61.98,本共有部分之項目有：防空避難室、停車空間、樓梯間、機械房、水箱、管理員室等六項,鋼筋混凝土造,101年4月19日,七層,,持分移轉
RPSNNLKLMHLGFBJ48DA,1,79.92,集合住宅,鋼筋混凝土造,114年8月7日,五層,五層 陽台 見其他登記事項,全筆移轉
RPSNNLKLMHLGFBJ48DA,1,28.59,本共有部分之項目有停車空間、樓梯間等二項。,鋼筋混凝土造,114年8月7日,五層,,持分移轉
RPUNMLLMLHLGFBJ68DA,29,134.56,住家用,鋼筋混凝土造,85年12月9日,九層,八層 九層 陽台,全筆移轉
RPUNMLLMLHLGFBJ68DA,29,29.72,共有部分,鋼筋混凝土造,85年12月9日,九層,,持分移轉
RPUNMLLMLHLGFBJ68DA,29,17.25,共有部分,鋼筋混凝土造,85年12月9日,九層,,持分移轉
RPPOMLRKMHLGFDJ98DA,30,109.27,住家用,鋼筋混凝土造,84年9月20日,五層,一層 平台,全筆移轉
RPPOMLRKMHLGFDJ98DA,30,14.56,共用部分,鋼筋混凝土造,84年9月20日,五層,,持分移轉
RPQNMLKKLHLGFBJ97DA,19,193.01,住家用,鋼筋混凝土造,96年1月26日,五層,一層 二層 三層 四層 五層 陽台 雨遮,全筆移轉
RPSNMLLMLHLGFCJ58DA,52,94.24,住家用,加強磚造,62年10月28日,二層,一層 二層 陽台,全筆移轉
RPQNMLKLMHLGFBJ28EA,10,.48,辦公室,鋼筋混凝土造,105年2月3日,十九層,一層,持分移轉
RPQNMLKLMHLGFBJ28EA,10,239.72,住家用,鋼筋混凝土造,105年2月3日,十九層,七層 陽台 雨遮,全筆移轉
RPQNMLKLMHLGFBJ28EA,10,82.80,本共有部分之項目有防空避難室兼停車空間、消防機房、污水、雨水機房、水箱、排煙室、梯間、停車空間、發電機室、電信機房、中繼水箱、梯廳、台電配電室、防災中心、頂型開放空間、公共服務空間、垃圾室、設備室、工具室等十九項。,鋼筋混凝土造,105年2月3日,十九層,,持分移轉
RPQNMLKLMHLGFBJ28EA,10,57.03,本共有部分之項目有防空避難室兼停車空間、消防機房、污水、雨水機房、水箱、排煙室、梯間、停車空間、發電機室、電信機房、中繼水箱、梯廳、台電配電室、防災中心、頂型開放空間、公共服務空間、垃圾室、設備室、工具室等十九項。,鋼筋混凝土造,105年2月3日,十九層,,持分移轉
RPQNMLKLMHLGFBJ28EA,10,46.07,本共有部分之項目有排煙室、梯間、梯廳、機械室、中繼機房、中繼水箱等六項。,鋼筋混凝土造,105年2月3日,十九層,,持分移轉
RPUNMLLLMHLGFDJ88DA,17,90.55,集合住宅,鋼筋混凝土造,97年12月26日,七層,六層 陽台 雨遮,全筆移轉
RPUNMLLLMHLGFDJ88DA,17,15.79,樓梯間．水箱．機房,鋼筋混凝土造,97年12月26日,七層,,持分移轉
RPQNMLOJLHLGFBJ28DA,4,141.81,店舖,鋼筋混凝土造,110年12月26日,十四層,一層 陽台 見其他登記事項,全筆移轉
RPUNMLLLMHLGFDJ88DA,17,15.92,停車空間,鋼筋混凝土造,97年12月26日,七層,,持分移轉
RPQNMLOJLHLGFBJ28DA,4,83.32,本共有部分之項目有防空避難室兼停車空間、停車空間、台電配電室、管理員室、車道、公共服務空間、集中式垃圾貯存空間、樓梯間、電梯間、機械室、水箱等十一項。,鋼筋混凝土造,110年12月26日,十四層,,持分移轉
RPQONLKLMHLGFBJ38DA,15,.06,警衛室,鋼筋混凝土造,99年11月20日,十五層,一層,持分移轉
RPQONLKLMHLGFBJ38DA,15,86.00,住家用,鋼筋混凝土造,99年11月20日,十五層,六層 陽台 雨遮,全筆移轉
RPQONLKLMHLGFBJ38DA,15,45.48,本共有部分之項目有停車空間、防空避難室、梯間、頂蓋式開放空間等四項。,鋼筋混凝土造,99年11月20日,十五層,,持分移轉
RPQONLKLMHLGFBJ38DA,15,20.03,本共有部分之項目有停車空間、防空避難室、梯間、頂蓋式開放空間等四項。,鋼筋混凝土造,99年11月20日,十五層,,持分移轉
RPWNMLLJMHLGFDJ88DA,31,223.53,住家用,鋼筋混凝土造,84年3月2日,四層,一層 二層 三層 四層 陽台,全筆移轉
RPQONLKLMHLGFBJ38DA,15,17.12,本共有部分之項目有梯間等一項。,鋼筋混凝土造,99年11月20日,十五層,,持分移轉
RPTNMLQKLHLGFBJ88DA,11,.43,商業用,鋼筋混凝土造,103年10月9日,十九層,一層,持分移轉
RPTNMLQKLHLGFBJ88DA,11,.41,商業用,鋼筋混凝土造,103年10月9日,十九層,一層,持分移轉
RPTNMLQKLHLGFBJ88DA,11,85.74,住家用,鋼筋混凝土造,103年10月9日,十八層,八層 陽台 雨遮,全筆移轉
RPTNMLQKLHLGFBJ88DA,11,.00,本共有部分之項目有防空避難室兼停車空間、店舖、廣場式頂蓋型開放空間、梯間、水箱、機械室等六項,鋼筋混凝土造,103年10月9日,十九層,,持分移轉
RPTNMLQKLHLGFBJ88DA,11,.00,本共有部分之項目有防空避難室兼停車空間、店舖、廣場式頂蓋型開放空間、梯間、水箱、機械室等六項,鋼筋混凝土造,103年10月9日,十九層,,持分移轉
RPTNMLQKLHLGFBJ88DA,11,71.73,本共有部分之項目有防空避難室兼停車空間、店舖、廣場式頂蓋型開放空間、梯間、水箱、機械室等六項,鋼筋混凝土造,103年10月9日,十九層,,持分移轉
RPPNMLLLMHLGFDJ38DA,,178.35,住家用,加強磚造,,三層,一層 二層 三層 騎樓,全筆移轉
RPRNMLMLMHLGFDJ68DA,,68.51,住家用,鋼筋混凝土造,,五層,三層 陽台,全筆移轉
RPRNMLMLMHLGFDJ68DA,,5.78,共有部分,鋼筋混凝土造,,五層,,持分移轉
RPRNMLMLMHLGFDJ68DA,,17.71,共有部分,鋼筋混凝土造,,五層,,持分移轉
RPPNMLKLMHLGFBJ18EA,22,248.90,住商用,鋼筋混凝土造,92年12月10日,五層,一層 二層 三層 四層 五層 陽台 屋頂突出物,持分移轉
RPUNMLTJLHLGFBJ56DA,30,15.89,共有部分,鋼筋混凝土造,84年10月28日,十二層,,持分移轉
RPUNMLTJLHLGFBJ56DA,30,14.34,共有部分,鋼筋混凝土造,84年10月28日,十二層,,持分移轉
RPVNMLMLMHLGFBJ88DA,7,89.59,住家用,鋼筋混凝土造,107年9月20日,二十二層,十五層 陽台,全筆移轉
RPUNMLTJLHLGFBJ56DA,30,107.65,住家用,鋼筋混凝土造,84年10月28日,十二層,十一層 陽台 花台,全筆移轉
RPVNMLMLMHLGFBJ88DA,7,71.24,本共有部分之項目有防空避難室兼停車空間、消防泵浦室、汙水機房、雨水機房、梯間、台電配電場所、發電機房、防災中心、垃圾冷藏室、管委會使用空間、機械室、水箱、停車空間、蓄水池等１４項。,鋼筋混凝土造,107年9月20日,二十二層,,持分移轉
RPQNNLKLMHLGFBJ28DA,15,110.81,住家用,鋼筋混凝土造,100年5月10日,十九層,十七層 陽台 雨遮,全筆移轉
RPQNNLKLMHLGFBJ28DA,15,121.55,本共有部分之項目有防空避難室、停車空間、水箱、機房、梯間、門廳、頂蓋型開放空間、車道等八項。,鋼筋混凝土造,100年5月10日,十九層,,持分移轉
RPPNMLQKLHLGFDJ68DA,1,76.97,集合住宅,鋼筋混凝土造,113年11月15日,十四層,八層 陽台,全筆移轉
RPPNMLQKLHLGFDJ68DA,1,61.04,本共有部分之項目有停車空間、集合住宅（附屬管委會使用空間門廳）、集合住宅（附屬梯間）、梯間、機械室、水箱等６項,鋼筋混凝土造,113年11月15日,十四層,,持分移轉
RPXNMLPKMHLGFBJ66DA,3,869.81,工廠,鋼筋混凝土造,112年7月13日,十六層,十一層,全筆移轉
RPXNMLPKMHLGFBJ66DA,3,62.31,本共有部分之項目有機房等一項。,鋼筋混凝土造,112年7月13日,十六層,,持分移轉
RPUOMLQLLHLGFDJ76DA,,69.94,住家用,鋼筋混凝土造,,五層,四層 陽台,全筆移轉
RPXNMLPKMHLGFBJ66DA,3,393.94,本共有部分之項目有防空避難室兼停車空間、卸貨空間、樓梯間、機房、水箱等五項。,鋼筋混凝土造,112年7月13日,十六層,,持分移轉
RPUOMLQLLHLGFDJ76DA,31,5.78,共有部分,鋼筋混凝土造,84年7月13日,五層,,持分移轉
RPXNMLPKMHLGFBJ66DA,3,116.28,本共有部分之項目有防空避難室兼停車空間、卸貨空間、員工餐廳等三項。,鋼筋混凝土造,112年7月13日,六層,,持分移轉
RPUOMLQLLHLGFDJ76DA,,17.71,共有部分,鋼筋混凝土造,,五層,,持分移轉
RPXNMLPKMHLGFBJ66DA,3,438.65,本共有部分之項目有防空避難室兼停車空間、停車空間等二項。,鋼筋混凝土造,112年7月13日,十八層,,持分移轉
RPPNMLNLMHLGFDJ58DA,,68.77,住家用,加強磚造,,一層,一層,全筆移轉
RPPNMLSKLHLGFBJ68DA,20,.06,管理中心,鋼筋混凝土造,95年5月19日,十五層,一層,持分移轉
RPPNMLSKLHLGFBJ68DA,20,75.28,住家用,鋼筋混凝土造,95年5月19日,十五層,九層 陽台 雨遮,全筆移轉
RPPNMLSKLHLGFBJ68DA,20,9.95,共有部分,鋼筋混凝土造,95年5月19日,十五層,,持分移轉
RPPNMLSKLHLGFBJ68DA,20,19.80,共有部分,鋼筋混凝土造,95年5月19日,十五層,,持分移轉
RPPNMLSKLHLGFBJ68DA,20,20.28,共有部分,鋼筋混凝土造,95年5月19日,十五層,,持分移轉
RPWNMLNLMHLGFDJ66DA,1,75.36,店舖,鋼筋混凝土造,114年1月24日,十三層,一層 陽台,全筆移轉
RPWNMLNLMHLGFDJ66DA,1,53.29,本共有部分之項目有防空避難室兼停車空間、蓄水池、消防泵浦室、污水∕雨水機房、儲藏室、梯間、停車空間、電信室、台電配電場所、發電機房、垃圾儲藏室、集合住宅（附屬管委會使用空間、梯間）、集合住宅（附屬梯間）、機械室、水箱等１５項,鋼筋混凝土造,114年1月24日,十三層,,持分移轉
RPTNMLQLLHLGFDJ56DA,,66.74,住家用,鋼筋混凝土造,,四層,四層,全筆移轉
RPTNMLOJLHLGFBJ58DA,33,105.07,住家用,鋼筋混凝土造,81年12月24日,七層,六層 陽台,全筆移轉
RPTNMLOJLHLGFBJ58DA,33,42.51,共有部分,鋼筋混凝土造,81年12月24日,七層,,持分移轉
RPPNMLOKMHLGFDJ58DA,45,73.00,住家用,加強磚造,70年4月21日,二層,一層 二層,全筆移轉
RPQNMLSKLHLGFDJ98DA,5,.13,共有部分,鋼筋混凝土造,109年11月24日,六層,,持分移轉
RPQNMLSKLHLGFDJ98DA,3,55.24,集合住宅,鋼筋混凝土造,111年11月18日,六層,六層 陽台,全筆移轉
RPQNMLSKLHLGFDJ98DA,3,6.29,本共有部分之項目有樓梯間、機械室等２項,鋼筋混凝土造,111年11月18日,六層,,持分移轉
RPQNMLSKLHLGFDJ98DA,3,63.17,本共有部分之項目有停車空間、梯間等２項,鋼筋混凝土造,111年11月18日,七層,,持分移轉
RPOQMLRLLHLGFDJ09DA,1,60.39,集合住宅,鋼筋混凝土造,113年11月15日,十四層,一層 陽台,全筆移轉
RPOQMLRLLHLGFDJ09DA,1,30.42,本共有部分之項目有停車空間、集合住宅（附屬管委會使用空間門廳）、集合住宅（附屬梯間）、梯間、機械室、水箱等６項,鋼筋混凝土造,113年11月15日,十四層,,持分移轉
RPVNMLNLMHLGFDJ56DA,1,76.29,集合住宅,鋼筋混凝土造,114年5月22日,十二層,三層 陽台,全筆移轉
RPPNMLRLMHLGFBJ88EA,18,.06,管理室,鋼筋混凝土造,97年5月15日,十二層,一層,持分移轉
RPVNMLNLMHLGFDJ56DA,1,62.09,本共有部分之項目有防空避難室兼停車空間、消防泵浦室、發電機室、汙水雨水機房、水箱、梯間、停車空間、電信室、台電配電場所、垃圾儲藏室、管委會使用空間、機械室等１２項,鋼筋混凝土造,114年5月22日,十三層,,持分移轉
RPPNMLRLMHLGFBJ88EA,18,71.39,住家用,鋼筋混凝土造,97年5月15日,十二層,五層 陽台 雨遮,全筆移轉
RPPNMLRLMHLGFBJ88EA,18,64.98,共有部分,鋼筋混凝土造,97年5月15日,十二層,,持分移轉
RPPNMLRLMHLGFBJ88EA,18,9.98,共有部分,鋼筋混凝土造,97年5月15日,十二層,,持分移轉
RPPNMLRLMHLGFBJ88EA,18,15.45,共有部分,鋼筋混凝土造,97年5月15日,十二層,,持分移轉
RPPQMLRLLHLGFDJ56DA,1,60.39,集合住宅,鋼筋混凝土造,113年11月15日,十四層,一層 陽台,全筆移轉
RPPQMLRLLHLGFDJ56DA,1,52.65,本共有部分之項目有停車空間、集合住宅（附屬管委會使用空間門廳）、集合住宅（附屬梯間）、梯間、機械室、水箱等６項,鋼筋混凝土造,113年11月15日,十四層,,持分移轉
RPVNMLRKMHLGFBJ66DA,12,102.57,住家用,鋼筋混凝土造,102年10月24日,十四層,八層 陽台,全筆移轉
RPVNMLRKMHLGFBJ66DA,12,81.01,本共有部分之項目有停車空間、防空避難室、管理員室、公共服務空間、機械室、水箱、電梯間等七項。,鋼筋混凝土造,102年10月24日,十四層,,持分移轉
RPXOMLMJMHLGFBJ98DA,,110.65,集合住宅,鋼筋混凝土造,114年12月29日,七層,五層 陽台,全筆移轉
RPXOMLMJMHLGFBJ98DA,,81.59,本共有部分之項目有停車空間、梯間、機械室、水箱、管委會使用空間等五項。,鋼筋混凝土造,114年12月29日,七層,,持分移轉
RPSNMLMLMHLGFCJ68DA,,54.47,集合住宅,鋼筋混凝土造,114年10月7日,十四層,十層 陽台,全筆移轉
RPSNMLMLMHLGFCJ68DA,,55.09,本共有部分項目有：集合住宅（附屬開放空間、公共服務空間、管委會使用空間、車道、梯間）、梯間、機械室、水箱、停車空間、發電機室、台電配電場所、垃圾貯存空間、電信室、蓄水池、汙雨水回收機房、消防泵埔室等１６項,鋼筋混凝土造,114年10月7日,十五層,,持分移轉
RPVNMLPLKHLGFBJ98DA,6,102.98,集合住宅,鋼筋混凝土造,109年7月2日,十五層,十層 陽台 雨遮,全筆移轉
RPVNMLPLKHLGFBJ98DA,6,12.85,本共有部分之項目有公共服務空間、管委會空間、梯廳、排煙室、緊急昇降機、昇降機、梯間、游泳池、機械室、水錶室、水箱等十一項。,鋼筋混凝土造,109年7月2日,十五層,,持分移轉
RPVNMLPLKHLGFBJ98DA,6,19.20,本共有部分之項目有排煙室、緊急昇降機、昇降機、梯廳等四項。,鋼筋混凝土造,109年7月2日,十五層,,持分移轉
RPVNMLPLKHLGFBJ98DA,6,53.22,本共有部分之項目有停車空間、排煙室、緊急昇降機、昇降機、揚水泵室、排風機室、進風機室、雨水機房兼進風機室、水箱、消防機械室、機械室、防空避難室兼停車空間、台電配電室、台電受電箱室、電錶室、發電機室、電信室、泳池機房兼進風機室等十八項。,鋼筋混凝土造,109年7月2日,十五層,,持分移轉
RPQNMLQKLHLGFDJ78DA,7,58.19,集合住宅,鋼筋混凝土造,108年5月30日,七層,六層 陽台 雨遮,全筆移轉
RPQNMLQKLHLGFDJ78DA,7,15.35,本共有部分之項目有發電機房、消防機房、樓梯間、水箱、電梯機房等五項,鋼筋混凝土造,108年5月30日,七層,,持分移轉
RPQNMLQKLHLGFDJ78DA,7,4.58,停車空間,鋼筋混凝土造,108年5月30日,七層,,持分移轉
RPRNMLLLMHLGFCJ58EA,31,202.78,住家用,鋼筋混凝土造,84年8月1日,十三層,一層 騎樓,全筆移轉
RPRNMLLLMHLGFCJ58EA,31,30.56,共有部分,鋼筋混凝土造,84年8月1日,十三層,,持分移轉
RPRNMLLLMHLGFCJ58EA,31,12.72,共有部分,鋼筋混凝土造,84年8月1日,十三層,,持分移轉
RPPNMLPLLHLGFBJ48DA,21,72.84,商業用,鋼筋混凝土造,94年3月31日,十層,三層 陽台 見其他登記事項,全筆移轉
RPPNMLPLLHLGFBJ48DA,21,.91,守衛室、公共交誼區,鋼筋混凝土造,94年3月31日,十層,一層 陽台,持分移轉
RPPNMLPLLHLGFBJ48DA,21,11.19,共有部分,鋼筋混凝土造,94年3月31日,十層,,持分移轉
RPPNMLPLLHLGFBJ48DA,21,7.60,共有部分,鋼筋混凝土造,94年3月31日,十層,,持分移轉
RPPNMLPLLHLGFBJ48DA,21,41.89,共有部分,鋼筋混凝土造,94年3月31日,十層,,持分移轉
RPROMLLLMHLGFCJ58DA,33,385.27,住家用,鋼筋混凝土造,82年2月15日,四層,一層 二層 三層 四層 陽台 平台 露台,全筆移轉
RPQNMLMLMHLGFCJ58EA,1,78.41,集合住宅,鋼筋混凝土造,114年5月12日,十一層,九層 陽台,全筆移轉
RPQNMLMLMHLGFCJ58EA,1,68.09,本共有部分之項目有停車空間、機械室、水箱、車道、梯廳、樓梯間等六項,鋼筋混凝土造,114年5月12日,十一層,,持分移轉
RPWOMLRJMHLGFDJ96DA,21,85.34,住家用,鋼筋混凝土造,93年11月20日,六層,六層 陽台,全筆移轉
RPWOMLRJMHLGFDJ96DA,21,10.28,梯間．機房,鋼筋混凝土造,93年11月20日,六層,,持分移轉
RPWOMLRJMHLGFDJ96DA,21,.68,管理委員會使用空間,鋼筋混凝土造,93年11月20日,六層,一層,持分移轉
RPWOMLRJMHLGFDJ96DA,21,11.39,停車空間,鋼筋混凝土造,93年11月20日,六層,,持分移轉
RPUNMLSKLHLGFCJ66DA,2,56.73,辦公室,鋼筋混凝土造,112年10月3日,十四層,四層 陽台,全筆移轉
RPUNMLSKLHLGFCJ66DA,2,42.04,本共有部分之項目有停車空間、水箱、消防水箱、雨水回收槽、污水處理槽、雨污水機房、台電配電室、電信室、發電機房、開放空間、管委會使用空間等１１項,鋼筋混凝土造,112年10月3日,,,持分移轉
RPUNMLSKLHLGFCJ66DA,2,12.57,本共有部分之項目有梯間、消防水箱、水箱、升降機房等４項,鋼筋混凝土造,112年10月3日,十四層,,持分移轉
RPVNMLKLMHLGFDJ88DA,1,80.37,集合住宅,鋼筋混凝土造,114年5月5日,十二層,三層 陽台,全筆移轉
RPVNMLKLMHLGFDJ88DA,1,57.83,本共有部分之項目有防空避難室兼停車空間、停車空間、集合住宅、樓梯間、機械室等５項,鋼筋混凝土造,114年5月5日,十二層,,持分移轉
RPSNMLNKLHLGFCJ58DA,30,80.76,住家用,鋼筋混凝土造,85年5月6日,十層,八層 陽台 花台,全筆移轉
RPSNMLNKLHLGFCJ58DA,30,7.91,共有部分,鋼筋混凝土造,85年5月6日,十層,,持分移轉
RPSNMLNKLHLGFCJ58DA,30,24.68,共有部分,鋼筋混凝土造,85年5月6日,十層,,持分移轉
RPRNMLTJMHLGFDJ56DA,4,175.50,集合住宅（附屬停車空間）,鋼筋混凝土造,111年6月6日,四層,一層 二層 三層 四層 陽台,全筆移轉
RPOOMLNJLHLGFBJ08DA,9,49.33,住家用,鋼筋混凝土造,105年11月1日,二十三層,三層 陽台,全筆移轉
RPOOMLNJLHLGFBJ08DA,9,34.19,本共有部分之項目有停車空間、防空避難室兼停車空間等二項。,鋼筋混凝土造,105年11月1日,二十三層,,持分移轉
RPOOMLNJLHLGFBJ08DA,9,16.99,本共有部分之項目有店舖、管委會使用空間、沿街步道式、廣場式（有頂蓋）開放空間、梯間、機械式、水箱等七項。,鋼筋混凝土造,105年11月1日,二十三層,,持分移轉
RPRNMLNLMHLGFBJ58DA,1,89.83,集合住宅,鋼筋混凝土造,113年8月13日,十四層,十三層 陽台,全筆移轉
RPRNMLNLMHLGFBJ58DA,1,88.21,本共有部分之項目有防空避難室、停車空間、管委會、公共服務空間、樓梯間、水箱、機械室等七項。,鋼筋混凝土造,113年8月13日,十四層,,持分移轉
RPUNMLNLLHLGFDJ98DA,30,162.94,住家用,鋼筋混凝土造,85年3月27日,四層,一層 二層 三層 四層 陽台 平台 雨遮,全筆移轉
RPWNMLSLMHLGFBJ96DA,13,124.59,住家用,鋼筋混凝土造,101年8月27日,十五層,十五層 陽台 雨遮,全筆移轉
RPWNMLSLMHLGFBJ96DA,13,64.59,本共有部分之項目有管理員室、停車空間等二項。,鋼筋混凝土造,101年8月27日,十五層,,持分移轉
RPWNMLSLMHLGFBJ96DA,13,25.96,本共有部分之項目有梯間、機械室、水箱等三項。,鋼筋混凝土造,101年8月27日,十五層,,持分移轉
RPWNMLTJLHLGFBJ76DA,15,.02,警衛室,鋼筋混凝土造,99年11月20日,十五層,一層,持分移轉
RPWNMLTJLHLGFBJ76DA,15,64.51,住家用,鋼筋混凝土造,99年11月20日,十五層,四層 陽台,全筆移轉
RPWNMLTJLHLGFBJ76DA,15,15.16,本共有部分之項目有停車空間、防空避難室、梯間、頂蓋式開放空間等四項。,鋼筋混凝土造,99年11月20日,十五層,,持分移轉
RPWNMLTJLHLGFBJ76DA,15,15.09,本共有部分之項目有停車空間、防空避難室、梯間、頂蓋式開放空間等四項。,鋼筋混凝土造,99年11月20日,十五層,,持分移轉
RPWNMLTJLHLGFBJ76DA,15,15.20,本共有部分之項目有梯間等一項。,鋼筋混凝土造,99年11月20日,十五層,,持分移轉
RPSNMLRLMHLGFDJ66DA,6,94.93,集合住宅,鋼筋混凝土造,109年1月22日,十二層,十二層 陽台,全筆移轉
RPSNMLRLMHLGFDJ66DA,6,74.81,共有部分,鋼筋混凝土造,109年1月22日,十二層,,持分移轉
RPUNMLQKMHLGFDJ66DA,13,63.71,集合住宅,鋼筋混凝土造,102年6月10日,五層,五層 陽台 雨遮,全筆移轉
RPUNMLQKMHLGFDJ66DA,13,12.14,本共有部分之項目有樓梯間、電梯機房及水塔等三項,鋼筋混凝土造,102年6月10日,五層,,持分移轉
RPTNMLPKMHLGFBJ88DA,30,83.14,住家用,鋼筋混凝土造,85年1月6日,七層,五層 陽台 花台,全筆移轉
RPTNMLPKMHLGFBJ88DA,30,11.70,共有部分,鋼筋混凝土造,85年1月6日,七層,,持分移轉
RPTNMLPKMHLGFBJ88DA,30,16.80,共有部分,鋼筋混凝土造,85年1月6日,七層,,持分移轉
RPTNMLNLKHLGFDJ78DA,19,180.05,住家用,鋼筋混凝土造,96年5月18日,四層,一層 二層 三層 四層 陽台 雨遮,全筆移轉
RPQOMLPKMHLGFDJ88DA,24,135.12,住家用,鋼筋混凝土造,91年4月30日,三層,一層 二層 三層 陽台,全筆移轉
RPWPMLSJMHLGFBJ96DA,,110.65,集合住宅,鋼筋混凝土造,114年12月29日,七層,三層 陽台,全筆移轉
RPWPMLSJMHLGFBJ96DA,,81.59,本共有部分之項目有停車空間、梯間、機械室、水箱、管委會使用空間等五項。,鋼筋混凝土造,114年12月29日,七層,,持分移轉
RPPNMLMJMHLGFDJ28DA,1,78.62,集合住宅,鋼筋混凝土造,114年6月6日,七層,二層 陽台,全筆移轉
RPPNMLMJMHLGFDJ28DA,1,50.79,本共有部分之項目有機房、水箱、停車空間、集合住宅、樓梯間、昇降機房等６項,鋼筋混凝土造,114年6月6日,七層,,持分移轉
RPSNMLQKMHLGFCJ98DA,32,22.93,共有部分,鋼筋混凝土造,83年7月1日,七層,,持分移轉
RPSNMLQKMHLGFCJ98DA,32,89.71,住家用,鋼筋混凝土造,83年7月1日,七層,六層 陽台,全筆移轉
RPSNMLQKMHLGFCJ98DA,32,11.87,共有部分,鋼筋混凝土造,83年7月1日,七層,,持分移轉
RPWNMLRKMHLGFDJ96DA,32,196.45,住家用,鋼筋混凝土造,83年4月30日,四層,一層 二層 三層 四層 陽台 平台,全筆移轉
RPRNMLMKKHLGFBJ18DA,2,75.94,集合住宅,鋼筋混凝土造,112年10月30日,二十四層,二十層 陽台,全筆移轉
RPRNMLMKKHLGFBJ18DA,2,59.88,本共有部分之項目有防空避難室兼停車空間、雨水機房、水箱、消防機房、排煙室、梯間、緊急升降機間、揚水機房、公共水箱、停車空間、中繼機房、泳池水箱、台電配電室（１）（２）、電表室及受電箱室、水景機械室、發電機室、防災中心、電信室、門廳、梯廳、穿廊、公共服務空間、資源回收室、游泳池、中繼水箱等二十五項。,鋼筋混凝土造,112年10月30日,二十四層,,持分移轉
RPRNMLMKKHLGFBJ18DA,2,20.87,本共有部分之項目有梯間、梯廳、排煙室、緊急升降機間、機械室、消防中繼機房、水錶室、水箱室、消防水箱等九項。,鋼筋混凝土造,112年10月30日,二十四層,,持分移轉
RPUNMLOKMHLGFCJ98DA,30,186.15,住家用,鋼筋混凝土造,84年9月22日,五層,三層 四層 五層 見其他登記事項,全筆移轉
RPQOMLKLJHLGFBJ97DA,2,92.83,集合住宅,鋼筋混凝土造,113年3月14日,十五層,二層 陽台,全筆移轉
RPQOMLKLJHLGFBJ97DA,2,51.59,本共有部分之項目有停車空間、機械室、水箱、消防機房、雨汙水機房、樓梯間、排煙室、防空避難室兼停車空間、台電配電室、受電室、電信室、緊急發電機室、電錶室等十三項。,鋼筋混凝土造,113年3月14日,十五層,,持分移轉
RPQOMLKLJHLGFBJ97DA,2,14.53,本共有部分之項目有人行道、排煙室、梯廳、樓梯間、污水處理室、管委會使用空間、開放空間、梯間、機械室、水錶室、水箱等十一項。,鋼筋混凝土造,113年3月14日,十五層,,持分移轉
RPQOMLKLJHLGFBJ97DA,2,18.78,本共有部分之項目有梯廳兼排煙室、梯廳、樓梯間等三項。,鋼筋混凝土造,113年3月14日,十五層,,持分移轉
RPRNNLKLMHLGFBJ38DA,15,100.20,住家用,鋼筋混凝土造,99年11月3日,十層,六層 陽台 雨遮,全筆移轉
RPRNNLKLMHLGFBJ38DA,15,68.63,本共有部分之項目有防空避難室、停車空間、樓梯間、機械室、門廊、梯廳、管理員室等七項,鋼筋混凝土造,99年11月3日,十層,,持分移轉
RPVPMLTJMHLGFBJ96DA,16,224.15,住家用,鋼筋混凝土造,99年1月6日,二十三層,七層 陽台 雨遮,全筆移轉
RPVPMLTJMHLGFBJ96DA,16,.08,管理室,鋼筋混凝土造,99年1月6日,二十層,地下一層,持分移轉
RPWNMLLLJHLGFBJ58DA,13,86.06,商業用,鋼筋混凝土造,102年6月24日,十九層,一層 陽台 雨遮 見其他登記事項,全筆移轉
RPVPMLTJMHLGFBJ96DA,16,45.30,共有部分,鋼筋混凝土造,99年1月6日,二十三層,,持分移轉
RPVPMLTJMHLGFBJ96DA,16,14.66,共有部分,鋼筋混凝土造,99年1月6日,二十三層,,持分移轉
RPWNMLLLJHLGFBJ58DA,13,58.86,本共有部分之項目有停車空間，防空避難室，管理員室，開放空間，樓梯間，機械室，水箱等七項。,鋼筋混凝土造,102年6月24日,十九層,,持分移轉
RPVPMLTJMHLGFBJ96DA,16,96.50,共有部分,鋼筋混凝土造,99年1月6日,二十三層,,持分移轉
RPVPMLTJMHLGFBJ96DA,16,3.09,共有部分,鋼筋混凝土造,99年1月6日,二十三層,,持分移轉
RPPOMLPKMHLGFDJ78DA,30,179.15,住家用,鋼筋混凝土造,84年10月18日,四層,一層 二層 三層 四層 陽台 平台 地下層,全筆移轉
RPPNMLKKMHLGFDJ18DA,26,251.73,農舍,鋼筋混凝土造,88年11月14日,二層,一層 二層 陽台 平台 屋頂突出物,全筆移轉
RPPNMLOKMHLGFBJ38DA,9,.10,辦公室,鋼筋混凝土造,106年1月9日,十四層,一層,持分移轉
RPPNMLOKMHLGFBJ38DA,9,131.62,住家用,鋼筋混凝土造,106年1月9日,十四層,六層 陽台 雨遮,全筆移轉
RPPNMLOKMHLGFBJ38DA,9,27.01,本共有部分之項目有排煙室、梯廳、樓梯間、機房、機械室、水箱等六項。,鋼筋混凝土造,106年1月9日,十四層,,持分移轉
RPPNMLOKMHLGFBJ38DA,9,64.70,本共有部分之項目有防空避難室兼停車空間、消防機房、排煙室、梯廳、機房、水箱、停車空間、發電機房、台電配電室、公共服務空間、門廳、垃圾室、管委會使用空間等十三項。,鋼筋混凝土造,106年1月9日,十四層,,持分移轉
SPVNMLQKLHLGFDJ76DA,10,206.76,農舍,鋼筋混凝土造,105年1月14日,二層,一層 二層 陽台 雨遮,全筆移轉
RPTNMLLJMHLGFDJ58DA,8,56.38,集合住宅,鋼筋混凝土造,107年2月13日,七層,二層 陽台 雨遮,全筆移轉
RPTNMLLJMHLGFDJ58DA,8,8.03,本共有部分之項目有安全梯間、梯廳、昇降機間、水箱、機械室等五項,鋼筋混凝土造,107年2月13日,七層,,持分移轉
RPTNMLLJMHLGFDJ58DA,8,21.01,本共有部分之項目有安全梯間、梯廳、昇降機間、管道間、車道、管委會空間〈大廳、資源回收室、廁所、健身房〉、停車空間、台電配電室、發電機室、電信室、水箱、消防機房、污水機房、雨水機房等十四項,鋼筋混凝土造,107年2月13日,七層,,持分移轉
RPPNMLQKMHLGFDJ88EA,25,95.12,住家用,鋼筋混凝土造,89年7月14日,五層,一層 陽台,全筆移轉
RPPNMLQKMHLGFDJ88EA,25,7.87,樓梯間．水箱,鋼筋混凝土造,89年7月14日,五層,,持分移轉
RPQNMLQLLHLGFCJ78DA,31,479.07,農舍,鋼筋混凝土造,84年6月15日,三層,一層 二層 三層 騎樓 露台,全筆移轉
RPQOMLRKMHLGFBJ88DA,,621.17,集合住宅、停車空間、樓梯間,鋼筋混凝土造,114年9月3日,三層,一層 二層 三層 陽台 地下一層 見其他登記事項,全筆移轉
RPQNMLPKMHLGFDJ78DA,30,207.58,住家用,鋼筋混凝土造,85年1月11日,四層,一層 二層 三層 四層 陽台 平台 屋頂突出物 雨遮,全筆移轉
RPUNMLRJMHLGFBJ09DA,,86.79,集合住宅,鋼筋混凝土造,114年12月29日,七層,二層 陽台,全筆移轉
RPUNMLRJMHLGFBJ09DA,,69.64,本共有部分之項目有停車空間、梯間、機械室、水箱、管委會使用空間等五項。,鋼筋混凝土造,114年12月29日,七層,,持分移轉
RPPNMLKMLHLGFDJ28DA,,70.62,集合住宅,鋼筋混凝土造,114年12月15日,十一層,三層 陽台,全筆移轉
RPPNMLKMLHLGFDJ28DA,,68.74,本共有部分之項目有停車空間、集合住宅、集合住宅（附屬管委會空間）、樓梯間、機房、消防水箱、水箱、電梯機房等８項,鋼筋混凝土造,114年12月15日,十一層,,持分移轉
RPTNMLQJJHLGFBJ58DA,8,154.38,廠房,鋼筋混凝土造,106年7月12日,十三層,十二層 雨遮,全筆移轉
RPTNMLQJJHLGFBJ58DA,8,23.39,本共有部分之項目有（梯廳）、雨遮等二項,鋼筋混凝土造,106年7月12日,十三層,,持分移轉
RPTNMLQJJHLGFBJ58DA,8,47.54,本共有部分之項目有（附屬空間、管委會、停車位、水箱、機械室）、台電配電室、梯廳等七項,鋼筋混凝土造,106年7月12日,十三層,,持分移轉
RPTNMLQJJHLGFBJ58DA,8,107.39,本共有部分之項目有（防空避難室兼停車空間）等一項,鋼筋混凝土造,106年7月12日,十三層,,持分移轉
RPTNMLQJJHLGFBJ58DA,8,56.81,本共有部分之項目有（停車空間）、梯廳 等二項,鋼筋混凝土造,106年7月12日,十三層,,持分移轉
RPPRMLRJMHLGFBJ98DA,,65.29,集合住宅,鋼筋混凝土造,114年12月29日,七層,二層 陽台,全筆移轉
RPPRMLRJMHLGFBJ98DA,,58.88,本共有部分之項目有停車空間、梯間、機械室、水箱、管委會使用空間等五項。,鋼筋混凝土造,114年12月29日,七層,,持分移轉
RPRNMLQKMHLGFBJ78DA,8,94.90,住家用,鋼筋混凝土造,106年6月15日,十四層,九層 陽台 雨遮,全筆移轉
RPRNMLQKMHLGFBJ78DA,8,60.09,本共有部分之項目有停車空間、防空避難室兼停車空間、公共服務空間等三項,鋼筋混凝土造,106年6月15日,十四層,,持分移轉
RPRNMLQKMHLGFBJ78DA,8,19.18,本共有部分之項目有梯間、機房、水箱等三項,鋼筋混凝土造,106年6月15日,十四層,,持分移轉
RPWOMLKMLHLGFDJ09DA,,70.62,集合住宅,鋼筋混凝土造,114年12月15日,十一層,八層 陽台,全筆移轉
RPWOMLKMLHLGFDJ09DA,,68.74,本共有部分之項目有停車空間、集合住宅、集合住宅（附屬管委會空間）、樓梯間、機房、消防水箱、水箱、電梯機房等８項,鋼筋混凝土造,114年12月15日,十一層,,持分移轉
RPSNMLKMLHLGFDJ58DA,,70.62,集合住宅,鋼筋混凝土造,114年12月15日,十一層,九層 陽台,全筆移轉
RPSNMLKMLHLGFDJ58DA,,68.74,本共有部分之項目有停車空間、集合住宅、集合住宅（附屬管委會空間）、樓梯間、機房、消防水箱、水箱、電梯機房等８項,鋼筋混凝土造,114年12月15日,十一層,,持分移轉
RPVNMLOKMHLGFDJ56DA,,201.42,集合住宅、樓梯間,鋼筋混凝土造,114年12月31日,三層,一層 二層 三層 陽台 見其他登記事項,全筆移轉
RPUOMLSJMHLGFBJ66DA,,85.13,集合住宅,鋼筋混凝土造,114年12月29日,七層,七層 陽台,全筆移轉
RPUOMLSJMHLGFBJ66DA,,68.81,本共有部分之項目有停車空間、梯間、機械室、水箱、管委會使用空間等五項。,鋼筋混凝土造,114年12月29日,七層,,持分移轉
RPTNMLTJLHLGFBJ09DA,4,117.41,住家用,鋼筋混凝土造,110年2月9日,十二層,十二層 陽台 雨遮,全筆移轉
RPTNMLTJLHLGFBJ09DA,4,32.53,本共有部分之項目有防空避難室兼停車空間、機房、消防機房、發電機室、梯間、水箱、停車空間、電信室、台電配電室、空調機械室、錶箱室、公共服務空間、垃圾室、頂蓋型開放空間、管理室、車道、排煙室、梯廳等十八項。,鋼筋混凝土造,110年2月9日,十三層,,持分移轉
RPTNMLTJLHLGFBJ09DA,4,36.88,本共有部分之項目有梯間、排煙室、梯廳、機房、水箱等五項。,鋼筋混凝土造,110年2月9日,十二層,,持分移轉
RPUOMLLKLHLGFDJ78DA,10,10199.87,倉庫,鋼骨造,104年12月30日,一層,一層 二層 三層 四層 五層 屋頂突出物 地下一層,全筆移轉
RPWNMLOKMHLGFDJ66DA,,201.42,集合住宅、樓梯間,鋼筋混凝土造,114年12月31日,三層,一層 二層 三層 陽台 見其他登記事項,全筆移轉
RPWNMLRLLHLGFDJ96DA,,70.62,集合住宅,鋼筋混凝土造,114年12月15日,十一層,五層 陽台,全筆移轉
RPPPMLSJMHLGFBJ88DA,,85.13,集合住宅,鋼筋混凝土造,114年12月29日,七層,四層 陽台,全筆移轉
RPPPMLSJMHLGFBJ88DA,,68.80,本共有部分之項目有停車空間、梯間、機械室、水箱、管委會使用空間等五項。,鋼筋混凝土造,114年12月29日,七層,,持分移轉
RPWNMLRLLHLGFDJ96DA,,68.74,本共有部分之項目有停車空間、集合住宅、集合住宅（附屬管委會空間）、樓梯間、機房、消防水箱、水箱、電梯機房等８項,鋼筋混凝土造,114年12月15日,十一層,,持分移轉
RPVPMLRLLHLGFDJ07DA,,70.23,集合住宅,鋼筋混凝土造,114年12月15日,十一層,四層 陽台,全筆移轉
RPVPMLRLLHLGFDJ07DA,,68.53,本共有部分之項目有停車空間、集合住宅、集合住宅（附屬管委會空間）、樓梯間、機房、消防水箱、水箱、電梯機房等８項,鋼筋混凝土造,114年12月15日,十一層,,持分移轉
RPXOMLKMLHLGFDJ56DA,,73.74,集合住宅,鋼筋混凝土造,114年12月15日,十一層,五層 陽台,全筆移轉
RPXOMLKMLHLGFDJ56DA,,70.27,本共有部分之項目有停車空間、集合住宅、集合住宅（附屬管委會空間）、樓梯間、機房、消防水箱、水箱、電梯機房等８項,鋼筋混凝土造,114年12月15日,十一層,,持分移轉
RPROMLKMLHLGFDJ58DA,,52.26,集合住宅,鋼筋混凝土造,114年12月15日,十一層,十一層 陽台,全筆移轉
RPSOMLSJMHLGFBJ09DA,,83.53,集合住宅,鋼筋混凝土造,114年12月29日,七層,三層 陽台,全筆移轉
RPROMLKMLHLGFDJ58DA,,58.96,本共有部分之項目有停車空間、集合住宅、集合住宅（附屬管委會空間）、樓梯間、機房、消防水箱、水箱、電梯機房等８項,鋼筋混凝土造,114年12月15日,十一層,,持分移轉
RPSOMLSJMHLGFBJ09DA,,68.00,本共有部分之項目有停車空間、梯間、機械室、水箱、管委會使用空間等五項。,鋼筋混凝土造,114年12月29日,七層,,持分移轉
RPTOMLSJMHLGFBJ56DA,,83.53,集合住宅,鋼筋混凝土造,114年12月29日,七層,六層 陽台,全筆移轉
RPTOMLSJMHLGFBJ56DA,,68.00,本共有部分之項目有停車空間、梯間、機械室、水箱、管委會使用空間等五項。,鋼筋混凝土造,114年12月29日,七層,,持分移轉
RPPOMLKLLHLGFCJ18DA,,182.85,住家用,鋼筋混凝土造,114年12月12日,五層,一層 二層 三層 四層 五層 陽台,全筆移轉
RPWOMLMJMHLGFBJ88DA,,86.79,集合住宅,鋼筋混凝土造,114年12月29日,七層,六層 陽台,全筆移轉
RPWOMLMJMHLGFBJ88DA,,69.64,本共有部分之項目有停車空間、梯間、機械室、水箱、管委會使用空間等五項。,鋼筋混凝土造,114年12月29日,七層,,持分移轉
RPRNMLKMLHLGFDJ48DA,,70.62,集合住宅,鋼筋混凝土造,114年12月15日,十一層,六層 陽台,全筆移轉
RPRNMLKMLHLGFDJ48DA,,68.74,本共有部分之項目有停車空間、集合住宅、集合住宅（附屬管委會空間）、樓梯間、機房、消防水箱、水箱、電梯機房等８項,鋼筋混凝土造,114年12月15日,十一層,,持分移轉
RPSPMLRJMHLGFBJ09DA,,56.81,集合住宅,鋼筋混凝土造,114年12月29日,七層,七層 陽台,全筆移轉
RPSPMLRJMHLGFBJ09DA,,54.62,本共有部分之項目有停車空間、梯間、機械室、水箱、管委會使用空間等五項。,鋼筋混凝土造,114年12月29日,七層,,持分移轉
RPTOMLRJMHLGFBJ09DA,,56.81,集合住宅,鋼筋混凝土造,114年12月29日,七層,一層 陽台,全筆移轉
RPTOMLRJMHLGFBJ09DA,,52.53,本共有部分之項目有停車空間、梯間、機械室、水箱、管委會使用空間等五項。,鋼筋混凝土造,114年12月29日,七層,,持分移轉
RPWPMLRLLHLGFDJ17DA,,70.23,集合住宅,鋼筋混凝土造,114年12月15日,十一層,六層 陽台,全筆移轉
RPWPMLRLLHLGFDJ17DA,,68.53,本共有部分之項目有停車空間、集合住宅、集合住宅（附屬管委會空間）、樓梯間、機房、消防水箱、水箱、電梯機房等８項,鋼筋混凝土造,114年12月15日,十一層,,持分移轉
RPVTNLRLJHLGFDJ37DA,9,179.16,住宅、門廊,鋼筋混凝土造,105年8月12日,四層,一層 二層 三層 四層 陽台,全筆移轉
RPQQMLKMLHLGFDJ68DA,,70.62,集合住宅,鋼筋混凝土造,114年12月15日,十一層,三層 陽台,全筆移轉
RPQQMLKMLHLGFDJ68DA,,68.74,本共有部分之項目有停車空間、集合住宅、集合住宅（附屬管委會空間）、樓梯間、機房、消防水箱、水箱、電梯機房等８項,鋼筋混凝土造,114年12月15日,十一層,,持分移轉
RPWNMLSJMHLGFBJ76DA,,86.17,集合住宅,鋼筋混凝土造,114年12月29日,七層,六層 陽台,全筆移轉
RPWNMLSJMHLGFBJ76DA,,69.33,本共有部分之項目有停車空間、梯間、機械室、水箱、管委會使用空間等五項。,鋼筋混凝土造,114年12月29日,七層,,持分移轉
RPOOMLSJMHLGFBJ68DA,,83.53,集合住宅,鋼筋混凝土造,114年12月29日,七層,七層 陽台,全筆移轉
RPOOMLSJMHLGFBJ68DA,,68.01,本共有部分之項目有停車空間、梯間、機械室、水箱、管委會使用空間等五項。,鋼筋混凝土造,114年12月29日,七層,,持分移轉
RPSPMLRLLHLGFDJ76DA,,80.40,集合住宅,鋼筋混凝土造,114年12月15日,十一層,十層 陽台,全筆移轉
RPSPMLRLLHLGFDJ76DA,,73.97,本共有部分之項目有停車空間、集合住宅、集合住宅（附屬管委會空間）、樓梯間、機房、消防水箱、水箱、電梯機房等８項,鋼筋混凝土造,114年12月15日,十一層,,持分移轉
RPXNMLRLLHLGFDJ07DA,,80.40,集合住宅,鋼筋混凝土造,114年12月15日,十一層,二層 陽台,全筆移轉
RPXNMLRLLHLGFDJ07DA,,73.97,本共有部分之項目有停車空間、集合住宅、集合住宅（附屬管委會空間）、樓梯間、機房、消防水箱、水箱、電梯機房等８項,鋼筋混凝土造,114年12月15日,十一層,,持分移轉
RPRPMLRLLHLGFDJ66DA,,80.40,集合住宅,鋼筋混凝土造,114年12月15日,十一層,七層 陽台,全筆移轉
RPRPMLRLLHLGFDJ66DA,,73.97,本共有部分之項目有停車空間、集合住宅、集合住宅（附屬管委會空間）、樓梯間、機房、消防水箱、水箱、電梯機房等８項,鋼筋混凝土造,114年12月15日,十一層,,持分移轉
RPQQMLRJMHLGFBJ98DA,,87.84,集合住宅,鋼筋混凝土造,114年12月29日,七層,三層 陽台,全筆移轉
RPQQMLRJMHLGFBJ98DA,,70.16,本共有部分之項目有停車空間、梯間、機械室、水箱、管委會使用空間等五項。,鋼筋混凝土造,114年12月29日,七層,,持分移轉
RPUOMLRJMHLGFBJ56DA,,87.84,集合住宅,鋼筋混凝土造,114年12月29日,七層,四層 陽台,全筆移轉
RPUOMLRJMHLGFBJ56DA,,70.16,本共有部分之項目有停車空間、梯間、機械室、水箱、管委會使用空間等五項。,鋼筋混凝土造,114年12月29日,七層,,持分移轉
RPRQMLRJMHLGFBJ09DA,,85.58,集合住宅,鋼筋混凝土造,114年12月29日,七層,七層 陽台,全筆移轉
RPRQMLRJMHLGFBJ09DA,,69.03,本共有部分之項目有停車空間、梯間、機械室、水箱、管委會使用空間等五項。,鋼筋混凝土造,114年12月29日,七層,,持分移轉
RPTSMLKMLHLGFDJ56DA,,52.26,集合住宅,鋼筋混凝土造,114年12月15日,十一層,四層 陽台,全筆移轉
RPTSMLKMLHLGFDJ56DA,,58.96,本共有部分之項目有停車空間、集合住宅、集合住宅（附屬管委會空間）、樓梯間、機房、消防水箱、水箱、電梯機房等８項,鋼筋混凝土造,114年12月15日,十一層,,持分移轉
RPVOMLRJMHLGFBJ66DA,,86.56,集合住宅,鋼筋混凝土造,114年12月29日,七層,四層 陽台,全筆移轉
RPVOMLRJMHLGFBJ66DA,,69.53,本共有部分之項目有停車空間、梯間、機械室、水箱、管委會使用空間等五項。,鋼筋混凝土造,114年12月29日,七層,,持分移轉
RPWNMLKMLHLGFDJ98DA,,73.74,集合住宅,鋼筋混凝土造,114年12月15日,十一層,十層 陽台,全筆移轉
RPWNMLKMLHLGFDJ98DA,,70.27,本共有部分之項目有停車空間、集合住宅、集合住宅（附屬管委會空間）、樓梯間、機房、消防水箱、水箱、電梯機房等８項,鋼筋混凝土造,114年12月15日,十一層,,持分移轉
RPWRMLKMLHLGFDJ76DA,,80.40,集合住宅,鋼筋混凝土造,114年12月15日,十一層,六層 陽台,全筆移轉
RPWRMLKMLHLGFDJ76DA,,73.97,本共有部分之項目有停車空間、集合住宅、集合住宅（附屬管委會空間）、樓梯間、機房、消防水箱、水箱、電梯機房等８項,鋼筋混凝土造,114年12月15日,十一層,,持分移轉
RPQSMLKMLHLGFDJ88DA,,70.23,集合住宅,鋼筋混凝土造,114年12月15日,十一層,二層 陽台,全筆移轉
RPQSMLKMLHLGFDJ88DA,,68.53,本共有部分之項目有停車空間、集合住宅、集合住宅（附屬管委會空間）、樓梯間、機房、消防水箱、水箱、電梯機房等８項,鋼筋混凝土造,114年12月15日,十一層,,持分移轉
RPTOMLQLLHLGFDJ66DA,,52.26,集合住宅,鋼筋混凝土造,114年12月15日,十一層,十層 陽台,全筆移轉
RPTOMLQLLHLGFDJ66DA,,58.96,本共有部分之項目有停車空間、集合住宅、集合住宅（附屬管委會空間）、樓梯間、機房、消防水箱、水箱、電梯機房等８項,鋼筋混凝土造,114年12月15日,十一層,,持分移轉
RPVNMLRLLHLGFDJ86DA,,70.62,集合住宅,鋼筋混凝土造,114年12月15日,十一層,二層 陽台,全筆移轉
RPVNMLRLLHLGFDJ86DA,,68.74,本共有部分之項目有停車空間、集合住宅、集合住宅（附屬管委會空間）、樓梯間、機房、消防水箱、水箱、電梯機房等８項,鋼筋混凝土造,114年12月15日,十一層,,持分移轉
RPQNMLKMLHLGFDJ38DA,,70.62,集合住宅,鋼筋混凝土造,114年12月15日,十一層,四層 陽台,全筆移轉
RPQNMLKMLHLGFDJ38DA,,68.74,本共有部分之項目有停車空間、集合住宅、集合住宅（附屬管委會空間）、樓梯間、機房、消防水箱、水箱、電梯機房等８項,鋼筋混凝土造,114年12月15日,十一層,,持分移轉
RPUNMLKMLHLGFDJ78DA,,73.74,集合住宅,鋼筋混凝土造,114年12月15日,十一層,七層 陽台,全筆移轉
RPUNMLKMLHLGFDJ78DA,,70.27,本共有部分之項目有停車空間、集合住宅、集合住宅（附屬管委會空間）、樓梯間、機房、消防水箱、水箱、電梯機房等８項,鋼筋混凝土造,114年12月15日,十一層,,持分移轉
RPPNMLLMLHLGFDJ38DA,,52.26,集合住宅,鋼筋混凝土造,114年12月15日,十一層,十一層 陽台,全筆移轉
RPPNMLLMLHLGFDJ38DA,,58.96,本共有部分之項目有停車空間、集合住宅、集合住宅（附屬管委會空間）、樓梯間、機房、消防水箱、水箱、電梯機房等８項,鋼筋混凝土造,114年12月15日,十一層,,持分移轉
RPRQMLKLLHLGFBJ48DA,,56.81,集合住宅,鋼筋混凝土造,114年12月29日,七層,三層 陽台,全筆移轉
RPRQMLKLLHLGFBJ48DA,,28.46,本共有部分之項目有停車空間、梯間、機械室、水箱、管委會使用空間等五項。,鋼筋混凝土造,114年12月29日,七層,,持分移轉
RPPPMLKMLHLGFDJ48DA,,73.74,集合住宅,鋼筋混凝土造,114年12月15日,十一層,七層 陽台,全筆移轉
RPPPMLKMLHLGFDJ48DA,,70.27,本共有部分之項目有停車空間、集合住宅、集合住宅（附屬管委會空間）、樓梯間、機房、消防水箱、水箱、電梯機房等８項,鋼筋混凝土造,114年12月15日,十一層,,持分移轉
RPSNMLRJMHLGFBJ88DA,,86.79,集合住宅,鋼筋混凝土造,114年12月29日,七層,五層 陽台,全筆移轉
RPSNMLRJMHLGFBJ88DA,,69.64,本共有部分之項目有停車空間、梯間、機械室、水箱、管委會使用空間等五項。,鋼筋混凝土造,114年12月29日,七層,,持分移轉
RPWNMLRJMHLGFBJ66DA,,89.58,集合住宅,鋼筋混凝土造,114年12月29日,七層,四層 陽台,全筆移轉
RPWNMLRJMHLGFBJ66DA,,71.04,本共有部分之項目有停車空間、梯間、機械室、水箱、管委會使用空間等五項。,鋼筋混凝土造,114年12月29日,七層,,持分移轉
RPWPMLRJMHLGFBJ86DA,,86.56,集合住宅,鋼筋混凝土造,114年12月29日,七層,三層 陽台,全筆移轉
RPWPMLRJMHLGFBJ86DA,,67.42,本共有部分之項目有停車空間、梯間、機械室、水箱、管委會使用空間等五項。,鋼筋混凝土造,114年12月29日,七層,,持分移轉
RPVPMLRJMHLGFBJ76DA,,56.81,集合住宅,鋼筋混凝土造,114年12月29日,七層,一層 陽台,全筆移轉
RPVPMLRJMHLGFBJ76DA,,54.63,本共有部分之項目有停車空間、梯間、機械室、水箱、管委會使用空間等五項。,鋼筋混凝土造,114年12月29日,七層,,持分移轉
RPVNMLQLLHLGFDJ76DA,,73.74,集合住宅,鋼筋混凝土造,114年12月15日,十一層,三層 陽台,全筆移轉
RPUPMLRJMHLGFBJ66DA,,85.58,集合住宅,鋼筋混凝土造,114年12月29日,七層,四層 陽台,全筆移轉
RPVNMLQLLHLGFDJ76DA,,70.27,本共有部分之項目有停車空間、集合住宅、集合住宅（附屬管委會空間）、樓梯間、機房、消防水箱、水箱、電梯機房等８項,鋼筋混凝土造,114年12月15日,十一層,,持分移轉
RPUPMLRJMHLGFBJ66DA,,66.94,本共有部分之項目有停車空間、梯間、機械室、水箱、管委會使用空間等五項。,鋼筋混凝土造,114年12月29日,七層,,持分移轉
RPXPMLRJMHLGFBJ96DA,,86.56,集合住宅,鋼筋混凝土造,114年12月29日,七層,七層 陽台,全筆移轉
RPXPMLRJMHLGFBJ96DA,,69.53,本共有部分之項目有停車空間、梯間、機械室、水箱、管委會使用空間等五項。,鋼筋混凝土造,114年12月29日,七層,,持分移轉
RPVQMLRLLHLGFDJ17DA,,52.26,集合住宅,鋼筋混凝土造,114年12月15日,十一層,九層 陽台,全筆移轉
RPSQMLKMLHLGFDJ88DA,,70.62,集合住宅,鋼筋混凝土造,114年12月15日,十一層,六層 陽台,全筆移轉
RPVQMLRLLHLGFDJ17DA,,58.96,本共有部分之項目有停車空間、集合住宅、集合住宅（附屬管委會空間）、樓梯間、機房、消防水箱、水箱、電梯機房等８項,鋼筋混凝土造,114年12月15日,十一層,,持分移轉
RPSQMLKMLHLGFDJ88DA,,68.74,本共有部分之項目有停車空間、集合住宅、集合住宅（附屬管委會空間）、樓梯間、機房、消防水箱、水箱、電梯機房等８項,鋼筋混凝土造,114年12月15日,十一層,,持分移轉
RPXNMLKMLHLGFBJ88DA,,56.81,集合住宅,鋼筋混凝土造,114年12月29日,七層,四層 陽台,全筆移轉
RPRPMLRJMHLGFBJ98DA,,56.81,集合住宅,鋼筋混凝土造,114年12月29日,七層,二層 陽台,全筆移轉
RPXNMLKMLHLGFBJ88DA,,28.46,本共有部分之項目有停車空間、梯間、機械室、水箱、管委會使用空間等五項。,鋼筋混凝土造,114年12月29日,七層,,持分移轉
RPRRMLRJMHLGFBJ56DA,,65.29,集合住宅,鋼筋混凝土造,114年12月29日,七層,三層 陽台,全筆移轉
RPRPMLRJMHLGFBJ98DA,,54.62,本共有部分之項目有停車空間、梯間、機械室、水箱、管委會使用空間等五項。,鋼筋混凝土造,114年12月29日,七層,,持分移轉
RPQNMLSKLHLGFBJ78DA,18,48.14,住家用,鋼筋混凝土造,96年12月28日,九層,三層 陽台,全筆移轉
RPRRMLRJMHLGFBJ56DA,,58.87,本共有部分之項目有停車空間、梯間、機械室、水箱、管委會使用空間等五項。,鋼筋混凝土造,114年12月29日,七層,,持分移轉
RPQNMLSKLHLGFBJ78DA,18,48.80,共有部分,鋼筋混凝土造,96年12月28日,九層,,持分移轉
RPQNMLSKLHLGFBJ78DA,18,10.40,共有部分,鋼筋混凝土造,96年12月28日,九層,,持分移轉
RPXNMLRJMHLGFBJ76DA,,86.79,集合住宅,鋼筋混凝土造,114年12月29日,七層,四層 陽台,全筆移轉
RPXNMLRJMHLGFBJ76DA,,69.64,本共有部分之項目有停車空間、梯間、機械室、水箱、管委會使用空間等五項。,鋼筋混凝土造,114年12月29日,七層,,持分移轉
RPOSMLKMLHLGFDJ68DA,,80.40,集合住宅,鋼筋混凝土造,114年12月15日,十一層,九層 陽台,全筆移轉
RPOSMLKMLHLGFDJ68DA,,73.97,本共有部分之項目有停車空間、集合住宅、集合住宅（附屬管委會空間）、樓梯間、機房、消防水箱、水箱、電梯機房等８項,鋼筋混凝土造,114年12月15日,十一層,,持分移轉
RPQOMLQLLHLGFDJ98DA,,52.26,集合住宅,鋼筋混凝土造,114年12月15日,十一層,三層 陽台,全筆移轉
RPQOMLQLLHLGFDJ98DA,,58.96,本共有部分之項目有停車空間、集合住宅、集合住宅（附屬管委會空間）、樓梯間、機房、消防水箱、水箱、電梯機房等８項,鋼筋混凝土造,114年12月15日,十一層,,持分移轉
RPWPMLKMLHLGFDJ56DA,,60.96,集合住宅,鋼筋混凝土造,114年12月15日,十一層,十一層 陽台,全筆移轉
RPVOMLKMLHLGFDJ98DA,,83.01,集合住宅,鋼筋混凝土造,114年12月15日,十一層,八層 陽台,全筆移轉
RPWPMLKMLHLGFDJ56DA,,63.52,本共有部分之項目有停車空間、集合住宅、集合住宅（附屬管委會空間）、樓梯間、機房、消防水箱、水箱、電梯機房等８項,鋼筋混凝土造,114年12月15日,十一層,,持分移轉
RPVOMLKMLHLGFDJ98DA,,75.27,本共有部分之項目有停車空間、集合住宅、集合住宅（附屬管委會空間）、樓梯間、機房、消防水箱、水箱、電梯機房等８項,鋼筋混凝土造,114年12月15日,十一層,,持分移轉
RPRNMLRLLHLGFDJ09DA,,52.26,集合住宅,鋼筋混凝土造,114年12月15日,十一層,六層 陽台,全筆移轉
RPRNMLRLLHLGFDJ09DA,,58.96,本共有部分之項目有停車空間、集合住宅、集合住宅（附屬管委會空間）、樓梯間、機房、消防水箱、水箱、電梯機房等８項,鋼筋混凝土造,114年12月15日,十一層,,持分移轉
RPQPMLRLLHLGFDJ56DA,,52.26,集合住宅,鋼筋混凝土造,114年12月15日,十一層,十層 陽台,全筆移轉
RPQPMLRLLHLGFDJ56DA,,58.96,本共有部分之項目有停車空間、集合住宅、集合住宅（附屬管委會空間）、樓梯間、機房、消防水箱、水箱、電梯機房等８項,鋼筋混凝土造,114年12月15日,十一層,,持分移轉
RPPOMLSJMHLGFBJ78DA,,86.56,集合住宅,鋼筋混凝土造,114年12月29日,七層,五層 陽台,全筆移轉
RPPOMLSJMHLGFBJ78DA,,69.52,本共有部分之項目有停車空間、梯間、機械室、水箱、管委會使用空間等五項。,鋼筋混凝土造,114年12月29日,七層,,持分移轉
RPRQMLKMLHLGFDJ78DA,,70.62,集合住宅,鋼筋混凝土造,114年12月15日,十一層,四層 陽台,全筆移轉
RPRQMLKMLHLGFDJ78DA,,68.74,本共有部分之項目有停車空間、集合住宅、集合住宅（附屬管委會空間）、樓梯間、機房、消防水箱、水箱、電梯機房等８項,鋼筋混凝土造,114年12月15日,十一層,,持分移轉
RPPOMLQLLHLGFDJ88DA,,52.26,集合住宅,鋼筋混凝土造,114年12月15日,十一層,一層 陽台,全筆移轉
RPPOMLQLLHLGFDJ88DA,,58.96,本共有部分之項目有停車空間、集合住宅、集合住宅（附屬管委會空間）、樓梯間、機房、消防水箱、水箱、電梯機房等８項,鋼筋混凝土造,114年12月15日,十一層,,持分移轉
RPOQMLRJMHLGFBJ78DA,,85.58,集合住宅,鋼筋混凝土造,114年12月29日,七層,三層 陽台,全筆移轉
RPOQMLRJMHLGFBJ78DA,,69.03,本共有部分之項目有停車空間、梯間、機械室、水箱、管委會使用空間等五項。,鋼筋混凝土造,114年12月29日,七層,,持分移轉
RPQOMLNLLHLGFBJ48DA,,56.81,集合住宅,鋼筋混凝土造,114年12月29日,七層,二層 陽台,全筆移轉
RPQOMLNLLHLGFBJ48DA,,28.46,本共有部分之項目有停車空間、梯間、機械室、水箱、管委會使用空間等五項。,鋼筋混凝土造,114年12月29日,七層,,持分移轉
RPROMLSJMHLGFBJ98DA,,56.81,集合住宅,鋼筋混凝土造,114年12月29日,七層,五層 陽台,全筆移轉
RPROMLSJMHLGFBJ98DA,,54.62,本共有部分之項目有停車空間、梯間、機械室、水箱、管委會使用空間等五項。,鋼筋混凝土造,114年12月29日,七層,,持分移轉
RPWNMLTJMHLGFBJ86DA,,107.69,集合住宅,鋼筋混凝土造,114年12月29日,十二層,三層 陽台,全筆移轉
RPWNMLTJMHLGFBJ86DA,,87.48,本共有部分之項目有停車空間、水箱、污水中水機房、消防機房、機電空間、防空避難室兼停車空間、台電配電室、電信室、發電機室、管委會空間、車道、梯間、消防水箱、昇降機房等十四項。,鋼筋混凝土造,114年12月29日,十二層,,持分移轉
RPXOMLRJMHLGFBJ86DA,,86.56,集合住宅,鋼筋混凝土造,114年12月29日,七層,六層 陽台,全筆移轉
RPXOMLRJMHLGFBJ86DA,,69.52,本共有部分之項目有停車空間、梯間、機械室、水箱、管委會使用空間等五項。,鋼筋混凝土造,114年12月29日,七層,,持分移轉
RPXOMLRLLHLGFDJ17DA,,52.26,集合住宅,鋼筋混凝土造,114年12月15日,十一層,六層 陽台,全筆移轉
RPXOMLRLLHLGFDJ17DA,,58.96,本共有部分之項目有停車空間、集合住宅、集合住宅（附屬管委會空間）、樓梯間、機房、消防水箱、水箱、電梯機房等８項,鋼筋混凝土造,114年12月15日,十一層,,持分移轉
RPOOMLOLKHLGFBJ28DA,,99.44,集合住宅,鋼筋混凝土造,114年12月29日,十四層,十一層 陽台,全筆移轉
RPOOMLOLKHLGFBJ28DA,,139.31,本共有部分之項目有防空避難室兼停車空間、停車空間、管委會、樓梯間、水箱、機械室等六項。,鋼筋混凝土造,114年12月29日,十四層,,持分移轉
RPQNMLRJMHLGFBJ68DA,,112.88,集合住宅,鋼筋混凝土造,114年12月29日,七層,五層 陽台,全筆移轉
RPQNMLRJMHLGFBJ68DA,,108.88,本共有部分之項目有停車空間、梯間、機械室、水箱、管委會使用空間等五項。,鋼筋混凝土造,114年12月29日,七層,,持分移轉
RPRNMLRJMHLGFBJ78DA,,110.65,集合住宅,鋼筋混凝土造,114年12月29日,七層,四層 陽台,全筆移轉
RPRNMLRJMHLGFBJ78DA,,81.59,本共有部分之項目有停車空間、梯間、機械室、水箱、管委會使用空間等五項。,鋼筋混凝土造,114年12月29日,七層,,持分移轉
RPTQMLRJMHLGFBJ66DA,,87.84,集合住宅,鋼筋混凝土造,114年12月29日,七層,六層 陽台,全筆移轉
RPTQMLRJMHLGFBJ66DA,,70.17,本共有部分之項目有停車空間、梯間、機械室、水箱、管委會使用空間等五項。,鋼筋混凝土造,114年12月29日,七層,,持分移轉
RPXNMLKMLHLGFDJ09DA,,52.26,集合住宅,鋼筋混凝土造,114年12月15日,十一層,九層 陽台,全筆移轉
RPXNMLKMLHLGFDJ09DA,,90.50,本共有部分之項目有停車空間、集合住宅、集合住宅（附屬管委會空間）、樓梯間、機房、消防水箱、水箱、電梯機房等８項,鋼筋混凝土造,114年12月15日,十一層,,持分移轉
RPUQMLRJMHLGFBJ76DA,,56.81,集合住宅,鋼筋混凝土造,114年12月29日,七層,六層 陽台,全筆移轉
RPUQMLRJMHLGFBJ76DA,,54.62,本共有部分之項目有停車空間、梯間、機械室、水箱、管委會使用空間等五項。,鋼筋混凝土造,114年12月29日,七層,,持分移轉
RPVQMLRJMHLGFBJ86DA,,56.81,集合住宅,鋼筋混凝土造,114年12月29日,七層,三層 陽台,全筆移轉
RPVQMLRJMHLGFBJ86DA,,54.63,本共有部分之項目有停車空間、梯間、機械室、水箱、管委會使用空間等五項。,鋼筋混凝土造,114年12月29日,七層,,持分移轉
RPQRMLRJMHLGFBJ09DA,,65.29,集合住宅,鋼筋混凝土造,114年12月29日,七層,四層 陽台,全筆移轉
RPQRMLRJMHLGFBJ09DA,,61.26,本共有部分之項目有停車空間、梯間、機械室、水箱、管委會使用空間等五項。,鋼筋混凝土造,114年12月29日,七層,,持分移轉
RPSRMLRJMHLGFBJ66DA,,88.79,集合住宅,鋼筋混凝土造,114年12月29日,七層,六層 陽台,全筆移轉
RPSRMLRJMHLGFBJ66DA,,70.65,本共有部分之項目有停車空間、梯間、機械室、水箱、管委會使用空間等五項。,鋼筋混凝土造,114年12月29日,七層,,持分移轉
RPXQMLRLLHLGFDJ37DA,,70.23,集合住宅,鋼筋混凝土造,114年12月15日,十一層,五層 陽台,全筆移轉
RPVNMLQLJHLGFCJ09DA,,236.24,集合住宅、停車空間,鋼筋混凝土造,114年11月17日,五層,一層 二層 三層 四層 五層 陽台,全筆移轉
RPXQMLRLLHLGFDJ37DA,,68.53,本共有部分之項目有停車空間、集合住宅、集合住宅（附屬管委會空間）、樓梯間、機房、消防水箱、水箱、電梯機房等８項,鋼筋混凝土造,114年12月15日,十一層,,持分移轉
RPPNMLSJMHLGFBJ68DA,,88.79,集合住宅,鋼筋混凝土造,114年12月29日,七層,四層 陽台,全筆移轉
RPPNMLSJMHLGFBJ68DA,,70.64,本共有部分之項目有停車空間、梯間、機械室、水箱、管委會使用空間等五項。,鋼筋混凝土造,114年12月29日,七層,,持分移轉
RPTPMLSJMHLGFBJ66DA,,88.79,集合住宅,鋼筋混凝土造,114年12月29日,七層,三層 陽台,全筆移轉
RPTPMLSJMHLGFBJ66DA,,70.64,本共有部分之項目有停車空間、梯間、機械室、水箱、管委會使用空間等五項。,鋼筋混凝土造,114年12月29日,七層,,持分移轉
RPWTNLRLJHLGFDJ47DA,,61.52,集合住宅,鋼筋混凝土造,114年12月23日,九層,五層 陽台,全筆移轉
RPWTNLRLJHLGFDJ47DA,,64.18,本共有部分之項目有停車空間、集合住宅、梯間等３項,鋼筋混凝土造,114年12月23日,九層,,持分移轉
RPPPMLTJMHLGFBJ98DA,,107.85,集合住宅,鋼筋混凝土造,114年12月29日,十二層,五層 陽台,全筆移轉
RPPPMLTJMHLGFBJ98DA,,87.48,本共有部分之項目有停車空間、水箱、污水中水機房、消防機房、機電空間、防空避難室兼停車空間、台電配電室、電信室、發電機室、管委會空間、車道、梯間、消防水箱、昇降機房等十四項。,鋼筋混凝土造,114年12月29日,十二層,,持分移轉
RPSQMLRJMHLGFBJ56DA,,56.81,集合住宅,鋼筋混凝土造,114年12月29日,七層,四層 陽台,全筆移轉
RPSQMLRJMHLGFBJ56DA,,54.63,本共有部分之項目有停車空間、梯間、機械室、水箱、管委會使用空間等五項。,鋼筋混凝土造,114年12月29日,七層,,持分移轉
RPPQMLKMLHLGFDJ58DA,,57.44,集合住宅,鋼筋混凝土造,114年12月15日,十一層,十一層 陽台,全筆移轉
RPPQMLKMLHLGFDJ58DA,,61.78,本共有部分之項目有停車空間、集合住宅、集合住宅（附屬管委會空間）、樓梯間、機房、消防水箱、水箱、電梯機房等８項,鋼筋混凝土造,114年12月15日,十一層,,持分移轉
RPROMLMJKHLGFBJ18DA,,79.45,集合住宅,鋼筋混凝土造,114年12月10日,十五層,十二層 陽台,全筆移轉
RPROMLMJKHLGFBJ18DA,,68.89,本共有部分之項目有防空避難室兼停車空間、停車空間、車道、管委會、樓梯間、水箱、機械室等七項。,鋼筋混凝土造,114年12月10日,十五層,,持分移轉
RPSQMLRLJHLGFDJ66DA,,74.39,集合住宅,鋼筋混凝土造,114年12月23日,九層,三層 陽台,全筆移轉
RPSQMLRLJHLGFDJ66DA,,70.94,本共有部分之項目有停車空間、集合住宅、梯間等３項,鋼筋混凝土造,114年12月23日,九層,,持分移轉
RPUPMLKMLHLGFDJ98DA,,60.96,集合住宅,鋼筋混凝土造,114年12月15日,十一層,八層 陽台,全筆移轉
RPOOMLQLLHLGFDJ78DA,,73.74,集合住宅,鋼筋混凝土造,114年12月15日,十一層,十層 陽台,全筆移轉
RPUPMLKMLHLGFDJ98DA,,63.52,本共有部分之項目有停車空間、集合住宅、集合住宅（附屬管委會空間）、樓梯間、機房、消防水箱、水箱、電梯機房等８項,鋼筋混凝土造,114年12月15日,十一層,,持分移轉
RPOOMLQLLHLGFDJ78DA,,70.27,本共有部分之項目有停車空間、集合住宅、集合住宅（附屬管委會空間）、樓梯間、機房、消防水箱、水箱、電梯機房等８項,鋼筋混凝土造,114年12月15日,十一層,,持分移轉
RPVOMLRLLHLGFDJ96DA,,52.26,集合住宅,鋼筋混凝土造,114年12月15日,十一層,十層 陽台,全筆移轉
RPVOMLRLLHLGFDJ96DA,,58.96,本共有部分之項目有停車空間、集合住宅、集合住宅（附屬管委會空間）、樓梯間、機房、消防水箱、水箱、電梯機房等８項,鋼筋混凝土造,114年12月15日,十一層,,持分移轉
RPRNMLOLKIKGFBJ48DA,,79.45,集合住宅,鋼筋混凝土造,114年12月10日,十五層,四層 陽台,全筆移轉
RPRNMLOLKIKGFBJ48DA,,95.29,本共有部分之項目有防空避難室兼停車空間、停車空間、車道、管委會、樓梯間、水箱、機械室等七項。,鋼筋混凝土造,114年12月10日,十五層,,持分移轉
RPPOMLQLJHLGFCJ58DA,,220.39,集合住宅、停車空間,鋼筋混凝土造,114年11月17日,五層,一層 二層 三層 四層 五層 陽台,全筆移轉
RPPTMLRLJHLGFDJ66DA,,77.89,集合住宅,鋼筋混凝土造,114年12月23日,九層,六層 陽台,全筆移轉
RPPTMLRLJHLGFDJ66DA,,72.78,本共有部分之項目有停車空間、集合住宅、梯間等３項,鋼筋混凝土造,114年12月23日,九層,,持分移轉
RPRNMLSJMHLGFBJ88DA,,88.79,集合住宅,鋼筋混凝土造,114年12月29日,七層,七層 陽台,全筆移轉
RPRNMLSJMHLGFBJ88DA,,70.65,本共有部分之項目有停車空間、梯間、機械室、水箱、管委會使用空間等五項。,鋼筋混凝土造,114年12月29日,七層,,持分移轉
RPQONLRLJHLGFDJ98DA,,61.52,集合住宅,鋼筋混凝土造,114年12月23日,九層,七層 陽台,全筆移轉
RPQONLRLJHLGFDJ98DA,,64.18,本共有部分之項目有停車空間、集合住宅、梯間等３項,鋼筋混凝土造,114年12月23日,九層,,持分移轉
RPRPMLSJMHLGFBJ09DA,,65.29,集合住宅,鋼筋混凝土造,114年12月29日,七層,六層 陽台,全筆移轉
RPRPMLSJMHLGFBJ09DA,,58.87,本共有部分之項目有停車空間、梯間、機械室、水箱、管委會使用空間等五項。,鋼筋混凝土造,114年12月29日,七層,,持分移轉
RPTPMLKMLHLGFDJ88DA,,60.96,集合住宅,鋼筋混凝土造,114年12月15日,十一層,五層 陽台,全筆移轉
RPTPMLKMLHLGFDJ88DA,,63.52,本共有部分之項目有停車空間、集合住宅、集合住宅（附屬管委會空間）、樓梯間、機房、消防水箱、水箱、電梯機房等８項,鋼筋混凝土造,114年12月15日,十一層,,持分移轉
RPROMLQLLHLGFDJ09DA,,52.26,集合住宅,鋼筋混凝土造,114年12月15日,十一層,五層 陽台,全筆移轉
RPSNMLRLLHLGFDJ56DA,,80.40,集合住宅,鋼筋混凝土造,114年12月15日,十一層,九層 陽台,全筆移轉
RPQNMLRLLHLGFDJ98DA,,52.26,集合住宅,鋼筋混凝土造,114年12月15日,十一層,二層 陽台,全筆移轉
RPROMLQLLHLGFDJ09DA,,58.96,本共有部分之項目有停車空間、集合住宅、集合住宅（附屬管委會空間）、樓梯間、機房、消防水箱、水箱、電梯機房等８項,鋼筋混凝土造,114年12月15日,十一層,,持分移轉
RPSNMLRLLHLGFDJ56DA,,73.97,本共有部分之項目有停車空間、集合住宅、集合住宅（附屬管委會空間）、樓梯間、機房、消防水箱、水箱、電梯機房等８項,鋼筋混凝土造,114年12月15日,十一層,,持分移轉
RPQNMLRLLHLGFDJ98DA,,58.96,本共有部分之項目有停車空間、集合住宅、集合住宅（附屬管委會空間）、樓梯間、機房、消防水箱、水箱、電梯機房等８項,鋼筋混凝土造,114年12月15日,十一層,,持分移轉
RPRSNLRLJHLGFDJ86DA,,61.13,集合住宅,鋼筋混凝土造,114年12月23日,九層,三層 陽台,全筆移轉
RPRSNLRLJHLGFDJ86DA,,63.95,本共有部分之項目有停車空間、集合住宅、梯間等３項,鋼筋混凝土造,114年12月23日,九層,,持分移轉
RPTNMLLKLHLGFBJ38DA,,62.00,集合住宅,鋼筋混凝土造,114年12月10日,十五層,十二層 陽台,全筆移轉
RPTNMLLKLHLGFBJ38DA,,59.57,本共有部分之項目有防空避難室兼停車空間、停車空間、車道、管委會、樓梯間、水箱、機械室等七項。,鋼筋混凝土造,114年12月10日,十五層,,持分移轉
RPSSNLRLJHLGFDJ96DA,,61.13,集合住宅,鋼筋混凝土造,114年12月23日,九層,四層 陽台,全筆移轉
RPSSNLRLJHLGFDJ96DA,,63.95,本共有部分之項目有停車空間、集合住宅、梯間等３項,鋼筋混凝土造,114年12月23日,九層,,持分移轉
RPXPMLKMLHLGFDJ66DA,,57.44,集合住宅,鋼筋混凝土造,114年12月15日,十一層,五層 陽台,全筆移轉
RPXPMLKMLHLGFDJ66DA,,61.78,本共有部分之項目有停車空間、集合住宅、集合住宅（附屬管委會空間）、樓梯間、機房、消防水箱、水箱、電梯機房等８項,鋼筋混凝土造,114年12月15日,十一層,,持分移轉
RPPRMLKMLHLGFDJ68DA,,52.26,集合住宅,鋼筋混凝土造,114年12月15日,十一層,三層 陽台,全筆移轉
RPPRMLKMLHLGFDJ68DA,,58.96,本共有部分之項目有停車空間、集合住宅、集合住宅（附屬管委會空間）、樓梯間、機房、消防水箱、水箱、電梯機房等８項,鋼筋混凝土造,114年12月15日,十一層,,持分移轉
RPTPNLRLJHLGFDJ76DA,,62.86,集合住宅,鋼筋混凝土造,114年12月23日,九層,四層 陽台,全筆移轉
RPTPNLRLJHLGFDJ76DA,,64.88,本共有部分之項目有停車空間、集合住宅、梯間等３項,鋼筋混凝土造,114年12月23日,九層,,持分移轉
RPROMLRLLHLGFDJ56DA,,52.26,集合住宅,鋼筋混凝土造,114年12月15日,十一層,三層 陽台,全筆移轉
RPTNMLRLLHLGFDJ66DA,,80.40,集合住宅,鋼筋混凝土造,114年12月15日,十一層,十層 陽台,全筆移轉
RPROMLRLLHLGFDJ56DA,,58.96,本共有部分之項目有停車空間、集合住宅、集合住宅（附屬管委會空間）、樓梯間、機房、消防水箱、水箱、電梯機房等８項,鋼筋混凝土造,114年12月15日,十一層,,持分移轉
RPTNMLRLLHLGFDJ66DA,,73.97,本共有部分之項目有停車空間、集合住宅、集合住宅（附屬管委會空間）、樓梯間、機房、消防水箱、水箱、電梯機房等８項,鋼筋混凝土造,114年12月15日,十一層,,持分移轉
RPQRMLKMLHLGFDJ78DA,,52.26,集合住宅,鋼筋混凝土造,114年12月15日,十一層,五層 陽台,全筆移轉
RPSNMLTLJHLGFCJ09DA,,280.58,集合住宅,鋼筋混凝土造,114年11月17日,五層,一層 二層 三層 四層 五層 陽台,全筆移轉
RPQRMLKMLHLGFDJ78DA,,58.96,本共有部分之項目有停車空間、集合住宅、集合住宅（附屬管委會空間）、樓梯間、機房、消防水箱、水箱、電梯機房等８項,鋼筋混凝土造,114年12月15日,十一層,,持分移轉
RPSNMLLKLHLGFBJ28DA,,62.00,集合住宅,鋼筋混凝土造,114年12月10日,十五層,四層 陽台,全筆移轉
RPWSMLKMLHLGFDJ86DA,,73.74,集合住宅,鋼筋混凝土造,114年12月15日,十一層,五層 陽台,全筆移轉
RPSNMLLKLHLGFBJ28DA,,59.57,本共有部分之項目有防空避難室兼停車空間、停車空間、車道、管委會、樓梯間、水箱、機械室等七項。,鋼筋混凝土造,114年12月10日,十五層,,持分移轉
RPWSMLKMLHLGFDJ86DA,,70.27,本共有部分之項目有停車空間、集合住宅、集合住宅（附屬管委會空間）、樓梯間、機房、消防水箱、水箱、電梯機房等８項,鋼筋混凝土造,114年12月15日,十一層,,持分移轉
RPURMLKMLHLGFDJ56DA,,52.26,集合住宅,鋼筋混凝土造,114年12月15日,十一層,二層 陽台,全筆移轉
RPURMLKMLHLGFDJ56DA,,58.96,本共有部分之項目有停車空間、集合住宅、集合住宅（附屬管委會空間）、樓梯間、機房、消防水箱、水箱、電梯機房等８項,鋼筋混凝土造,114年12月15日,十一層,,持分移轉
RPXRMLKMLHLGFDJ86DA,,80.40,集合住宅,鋼筋混凝土造,114年12月15日,十一層,八層 陽台,全筆移轉
RPXRMLKMLHLGFDJ86DA,,73.97,本共有部分之項目有停車空間、集合住宅、集合住宅（附屬管委會空間）、樓梯間、機房、消防水箱、水箱、電梯機房等８項,鋼筋混凝土造,114年12月15日,十一層,,持分移轉
RPWNNLRLJHLGFDJ86DA,,61.52,集合住宅,鋼筋混凝土造,114年12月23日,九層,二層 陽台,全筆移轉
RPWNNLRLJHLGFDJ86DA,,64.18,本共有部分之項目有停車空間、集合住宅、梯間等３項,鋼筋混凝土造,114年12月23日,九層,,持分移轉
RPXPMLQLLHLGFDJ17DA,,60.24,集合住宅,鋼筋混凝土造,114年12月23日,九層,二層 陽台,全筆移轉
RPXPMLQLLHLGFDJ17DA,,95.26,本共有部分之項目有停車空間、集合住宅、梯間等３項,鋼筋混凝土造,114年12月23日,九層,,持分移轉
RPPOMLTJMHLGFBJ88DA,,107.69,集合住宅,鋼筋混凝土造,114年12月29日,十二層,六層 陽台,全筆移轉
RPPOMLTJMHLGFBJ88DA,,90.47,本共有部分之項目有停車空間、水箱、污水中水機房、消防機房、機電空間、防空避難室兼停車空間、台電配電室、電信室、發電機室、管委會空間、車道、梯間、消防水箱、昇降機房等十四項。,鋼筋混凝土造,114年12月29日,十二層,,持分移轉
RPWQMLRLJHLGFCJ96DA,,280.58,集合住宅,鋼筋混凝土造,114年11月17日,五層,一層 二層 三層 四層 五層 陽台,全筆移轉
RPOQMLQLLHLGFDJ98DA,,73.16,集合住宅,鋼筋混凝土造,114年12月23日,九層,二層 陽台,全筆移轉
RPOQMLQLLHLGFDJ98DA,,102.06,本共有部分之項目有停車空間、集合住宅、梯間等３項,鋼筋混凝土造,114年12月23日,九層,,持分移轉
RPPNMLKLMHLGFDJ28DA,,57.26,店舖,鋼筋混凝土造,114年10月17日,九層,一層 陽台,全筆移轉
RPPNMLKLMHLGFDJ28DA,,43.70,本共有部分之項目有停車空間、蓄水池、消防泵浦室、雨水、污水機房、梯間、發電機房、台電配電場所、電信室、儲藏室、管委會使用空間、車道、垃圾儲藏室、機械室、水箱等１５項,鋼筋混凝土造,114年10月17日,九層,,持分移轉
RPOOMLPJLHLGFBJ28DA,,236.28,集合住宅、樓梯間,鋼筋混凝土造,114年3月27日,三層,一層 二層 三層 陽台 見其他登記事項,全筆移轉
RPQQMLRLJHLGFDJ09DA,,60.24,集合住宅,鋼筋混凝土造,114年12月23日,九層,九層 陽台,全筆移轉
RPQQMLRLJHLGFDJ09DA,,63.50,本共有部分之項目有停車空間、集合住宅、梯間等３項,鋼筋混凝土造,114年12月23日,九層,,持分移轉
RPUNMLQLJHLGFCJ98DA,,260.84,集合住宅、停車空間,鋼筋混凝土造,114年11月17日,五層,一層 二層 三層 四層 五層 陽台,全筆移轉
RPROMLTJMHLGFBJ09DA,,107.69,集合住宅,鋼筋混凝土造,114年12月29日,十二層,八層 陽台,全筆移轉
RPROMLTJMHLGFBJ09DA,,87.48,本共有部分之項目有停車空間、水箱、污水中水機房、消防機房、機電空間、防空避難室兼停車空間、台電配電室、電信室、發電機室、管委會空間、車道、梯間、消防水箱、昇降機房等十四項。,鋼筋混凝土造,114年12月29日,十二層,,持分移轉
RPUPMLRLJHLGFDJ76DA,,60.24,集合住宅,鋼筋混凝土造,114年12月23日,九層,三層 陽台,全筆移轉
RPUPMLRLJHLGFDJ76DA,,63.50,本共有部分之項目有停車空間、集合住宅、梯間等３項,鋼筋混凝土造,114年12月23日,九層,,持分移轉
RPVOMLTJMHLGFBJ86DA,,107.69,集合住宅,鋼筋混凝土造,114年12月29日,十二層,十一層 陽台,全筆移轉
RPVOMLTJMHLGFBJ86DA,,87.48,本共有部分之項目有停車空間、水箱、污水中水機房、消防機房、機電空間、防空避難室兼停車空間、台電配電室、電信室、發電機室、管委會空間、車道、梯間、消防水箱、昇降機房等十四項。,鋼筋混凝土造,114年12月29日,十二層,,持分移轉
RPQNNLRLJHLGFDJ88DA,,60.24,集合住宅,鋼筋混凝土造,114年12月23日,九層,三層 陽台,全筆移轉
RPQNNLRLJHLGFDJ88DA,,63.49,本共有部分之項目有停車空間、集合住宅、梯間等３項,鋼筋混凝土造,114年12月23日,九層,,持分移轉
RPPNMLTLMHLGFDJ56DA,,78.40,集合住宅,鋼筋混凝土造,114年10月17日,九層,七層 陽台,全筆移轉
RPPNMLTLMHLGFDJ56DA,,69.10,本共有部分之項目有停車空間、蓄水池、消防泵浦室、雨水、污水機房、梯間、發電機房、台電配電場所、電信室、儲藏室、管委會使用空間、車道、垃圾儲藏室、機械室、水箱等１５項,鋼筋混凝土造,114年10月17日,九層,,持分移轉
RPURNLRLJHLGFDJ07DA,,74.97,集合住宅,鋼筋混凝土造,114年12月23日,九層,三層 陽台,全筆移轉
RPURNLRLJHLGFDJ07DA,,71.25,本共有部分之項目有停車空間、集合住宅、梯間等３項,鋼筋混凝土造,114年12月23日,九層,,持分移轉
RPSNMLQKLHLGFCJ88DA,,62.62,集合住宅,鋼筋混凝土造,114年11月26日,七層,二層 陽台,全筆移轉
RPSNMLQKLHLGFCJ88DA,,48.91,本共有部分之項目有：停車空間、公共服務空間等２項,鋼筋混凝土造,114年11月26日,七層,,持分移轉
RPSNMLQKLHLGFCJ88DA,,14.35,本共有部分之項目有：樓梯間、水箱、機械室等３項,鋼筋混凝土造,114年11月26日,七層,,持分移轉
RPTNMLPJLHLGFDJ88DA,,60.70,集合住宅,鋼筋混凝土造,114年12月23日,九層,四層 陽台,全筆移轉
RPTNMLPJLHLGFDJ88DA,,63.72,本共有部分之項目有停車空間、集合住宅、梯間等３項,鋼筋混凝土造,114年12月23日,九層,,持分移轉
RPUNMLKMLHLGFCJ68DA,,62.67,集合住宅,鋼筋混凝土造,114年11月26日,七層,四層 陽台,全筆移轉
RPXOMLTJMHLGFBJ07DA,,107.85,集合住宅,鋼筋混凝土造,114年12月29日,十二層,三層 陽台,全筆移轉
RPUNMLKMLHLGFCJ68DA,,48.91,本共有部分之項目有：停車空間、公共服務空間等２項,鋼筋混凝土造,114年11月26日,七層,,持分移轉
RPXOMLTJMHLGFBJ07DA,,87.48,本共有部分之項目有停車空間、水箱、污水中水機房、消防機房、機電空間、防空避難室兼停車空間、台電配電室、電信室、發電機室、管委會空間、車道、梯間、消防水箱、昇降機房等十四項。,鋼筋混凝土造,114年12月29日,十二層,,持分移轉
RPUNMLKMLHLGFCJ68DA,,12.29,本共有部分之項目有：樓梯間、水箱、機械室等３項,鋼筋混凝土造,114年11月26日,七層,,持分移轉
RPVQMLQJKHLGFBJ56DA,,79.45,集合住宅,鋼筋混凝土造,114年12月10日,十五層,三層 陽台,全筆移轉
RPVQMLQJKHLGFBJ56DA,,68.89,本共有部分之項目有防空避難室兼停車空間、停車空間、車道、管委會、樓梯間、水箱、機械室等七項。,鋼筋混凝土造,114年12月10日,十五層,,持分移轉
RPVNMLRLLHLGFCJ76DA,,78.24,集合住宅,鋼筋混凝土造,114年11月26日,七層,四層 陽台,全筆移轉
RPROMLQJJHLGFBJ48DA,,79.45,集合住宅,鋼筋混凝土造,114年12月10日,十五層,七層 陽台,全筆移轉
RPVNMLRLLHLGFCJ76DA,,52.54,本共有部分之項目有：停車空間、公共服務空間等２項,鋼筋混凝土造,114年11月26日,七層,,持分移轉
RPROMLQJJHLGFBJ48DA,,88.23,本共有部分之項目有防空避難室兼停車空間、停車空間、車道、管委會、樓梯間、水箱、機械室等七項。,鋼筋混凝土造,114年12月10日,十五層,,持分移轉
RPVNMLRLLHLGFCJ76DA,,15.27,本共有部分之項目有：樓梯間、水箱、機械室等３項,鋼筋混凝土造,114年11月26日,七層,,持分移轉
RPVNMLPKMHLGFCJ56DA,,62.13,集合住宅,鋼筋混凝土造,114年11月26日,七層,二層 陽台,全筆移轉
RPVNMLPKMHLGFCJ56DA,,47.71,本共有部分之項目有：停車空間、公共服務空間等２項,鋼筋混凝土造,114年11月26日,七層,,持分移轉
RPVNMLPKMHLGFCJ56DA,,12.19,本共有部分之項目有：樓梯間、水箱、機械室等３項,鋼筋混凝土造,114年11月26日,七層,,持分移轉
RPTNMLOKMHLGFBJ78DA,,62.00,集合住宅,鋼筋混凝土造,114年12月10日,十五層,三層 陽台,全筆移轉
RPTNMLOKMHLGFBJ78DA,,59.57,本共有部分之項目有防空避難室兼停車空間、停車空間、車道、管委會、樓梯間、水箱、機械室等七項。,鋼筋混凝土造,114年12月10日,十五層,,持分移轉
RPPOMLKKLHLGFCJ08DA,,76.38,集合住宅,鋼筋混凝土造,114年11月26日,七層,五層 陽台,全筆移轉
RPPOMLKKLHLGFCJ08DA,,86.05,本共有部分之項目有：停車空間、公共服務空間等２項,鋼筋混凝土造,114年11月26日,七層,,持分移轉
RPPOMLKKLHLGFCJ08DA,,14.98,本共有部分之項目有：樓梯間、水箱、機械室等３項,鋼筋混凝土造,114年11月26日,七層,,持分移轉
RPTOMLMKLHLGFCJ68DA,,77.46,集合住宅,鋼筋混凝土造,114年11月26日,七層,五層 陽台,全筆移轉
RPTOMLMKLHLGFCJ68DA,,51.38,本共有部分之項目有：停車空間、公共服務空間等２項,鋼筋混凝土造,114年11月26日,七層,,持分移轉
RPTOMLMKLHLGFCJ68DA,,17.77,本共有部分之項目有：樓梯間、水箱、機械室等３項,鋼筋混凝土造,114年11月26日,七層,,持分移轉
RPWOMLLKLHLGFCJ88DA,,62.67,集合住宅,鋼筋混凝土造,114年11月26日,七層,七層 陽台,全筆移轉
RPWOMLLKLHLGFCJ88DA,,48.91,本共有部分之項目有：停車空間、公共服務空間等２項,鋼筋混凝土造,114年11月26日,七層,,持分移轉
RPWOMLLKLHLGFCJ88DA,,12.29,本共有部分之項目有：樓梯間、水箱、機械室等３項,鋼筋混凝土造,114年11月26日,七層,,持分移轉
RPWNMLKKLHLGFCJ68DA,,76.38,集合住宅,鋼筋混凝土造,114年11月26日,七層,二層 陽台,全筆移轉
RPWNMLKKLHLGFCJ68DA,,52.21,本共有部分之項目有：停車空間、公共服務空間等２項,鋼筋混凝土造,114年11月26日,七層,,持分移轉
RPWNMLKKLHLGFCJ68DA,,14.98,本共有部分之項目有：樓梯間、水箱、機械室等３項,鋼筋混凝土造,114年11月26日,七層,,持分移轉
RPOOMLMKLHLGFCJ18DA,,73.96,集合住宅,鋼筋混凝土造,114年11月26日,七層,五層 陽台,全筆移轉
RPOOMLMKLHLGFCJ18DA,,51.63,本共有部分之項目有：停車空間、公共服務空間等２項,鋼筋混凝土造,114年11月26日,七層,,持分移轉
RPOOMLMKLHLGFCJ18DA,,16.96,本共有部分之項目有：樓梯間、水箱、機械室等３項,鋼筋混凝土造,114年11月26日,七層,,持分移轉
RPQNMLQJKHLGFBJ38DA,,51.90,集合住宅,鋼筋混凝土造,114年12月10日,十五層,三層 陽台,全筆移轉
RPQNMLQJKHLGFBJ38DA,,54.27,本共有部分之項目有防空避難室兼停車空間、停車空間、車道、管委會、樓梯間、水箱、機械室等七項。,鋼筋混凝土造,114年12月10日,十五層,,持分移轉
RPVNMLMKLHLGFCJ78DA,,73.96,集合住宅,鋼筋混凝土造,114年11月26日,七層,二層 陽台,全筆移轉
RPVNMLMKLHLGFCJ78DA,,51.63,本共有部分之項目有：停車空間、公共服務空間等２項,鋼筋混凝土造,114年11月26日,七層,,持分移轉
RPVNMLMKLHLGFCJ78DA,,16.96,本共有部分之項目有：樓梯間、水箱、機械室等３項,鋼筋混凝土造,114年11月26日,七層,,持分移轉
RPSPMLQJKHLGFBJ78DA,,51.90,集合住宅,鋼筋混凝土造,114年12月10日,十五層,五層 陽台,全筆移轉
RPSPMLQJKHLGFBJ78DA,,54.27,本共有部分之項目有防空避難室兼停車空間、停車空間、車道、管委會、樓梯間、水箱、機械室等七項。,鋼筋混凝土造,114年12月10日,十五層,,持分移轉
RPRQMLQJKHLGFBJ78DA,,51.90,集合住宅,鋼筋混凝土造,114年12月10日,十五層,十三層 陽台,全筆移轉
RPRQMLQJKHLGFBJ78DA,,54.27,本共有部分之項目有防空避難室兼停車空間、停車空間、車道、管委會、樓梯間、水箱、機械室等七項。,鋼筋混凝土造,114年12月10日,十五層,,持分移轉
RPQPMLQJKHLGFBJ58DA,,51.90,集合住宅,鋼筋混凝土造,114年12月10日,十五層,三層 陽台,全筆移轉
RPQPMLQJKHLGFBJ58DA,,54.27,本共有部分之項目有防空避難室兼停車空間、停車空間、車道、管委會、樓梯間、水箱、機械室等七項。,鋼筋混凝土造,114年12月10日,十五層,,持分移轉
RPXNMLLJMHLGFCJ88DA,,62.17,集合住宅,鋼筋混凝土造,114年11月26日,七層,二層 陽台,全筆移轉
RPXNMLLJMHLGFCJ88DA,,47.71,本共有部分之項目有：停車空間、公共服務空間等２項,鋼筋混凝土造,114年11月26日,七層,,持分移轉
RPXNMLLJMHLGFCJ88DA,,14.25,本共有部分之項目有：樓梯間、水箱、機械室等３項,鋼筋混凝土造,114年11月26日,七層,,持分移轉
RPQQMLLLJIKGFBJ28DA,,196.40,集合住宅、停車空間,鋼筋混凝土造,114年7月18日,四層,一層 二層 三層 四層 陽台,全筆移轉
RPWNMLSJKIKGFBJ56DA,,62.00,集合住宅,鋼筋混凝土造,114年12月10日,十五層,十五層 陽台,全筆移轉
RPWNMLSJKIKGFBJ56DA,,62.02,本共有部分之項目有防空避難室兼停車空間、停車空間、車道、管委會、樓梯間、水箱、機械室等七項。,鋼筋混凝土造,114年12月10日,十五層,,持分移轉
RPRRMLQJKHLGFBJ88DA,,79.45,集合住宅,鋼筋混凝土造,114年12月10日,十五層,七層 陽台,全筆移轉
RPRRMLQJKHLGFBJ88DA,,93.23,本共有部分之項目有防空避難室兼停車空間、停車空間、車道、管委會、樓梯間、水箱、機械室等七項。,鋼筋混凝土造,114年12月10日,十五層,,持分移轉
RPRNMLPKJHLGFBJ38DA,,140.83,集合住宅,鋼筋混凝土造,114年10月8日,十九層,十七層 陽台 雨遮,全筆移轉
RPRNMLPKJHLGFBJ38DA,,128.60,本共有部分之項目有：防空避難室兼停車空間、停車空間、管理室、公共服務空間、儲藏室、電梯間、樓梯間、機房、消防中繼水箱、機械室、水箱等十一項。,鋼筋混凝土造,114年10月8日,十九層,,持分移轉
RPXNMLQJKHLGFBJ09DA,,51.90,集合住宅,鋼筋混凝土造,114年12月10日,十五層,七層 陽台,全筆移轉
RPXNMLQJKHLGFBJ09DA,,54.27,本共有部分之項目有防空避難室兼停車空間、停車空間、車道、管委會、樓梯間、水箱、機械室等七項。,鋼筋混凝土造,114年12月10日,十五層,,持分移轉
